. (فا. مِنْ هَجَسَ)	هَاجِسٌ-هَاجِسٌ 	
(فَا مِن اِبْتَسَمَ)	مُبْتَسِمٌ-مُبْتَسِمٌ، ةٌ 	
(فا من بَهَرَ)	باهِرٌ-باهِرٌ، ةٌ 	
(فا من حَمَّرَ)	مُحَمَّرٌ-مُحَمَّرٌ، ةٌ 	
(فا مِن شَجَا)	شَاجِي-شَاجِي، شَاجٍ، ةٌ 	
(فا مِنَ شَرَقَ)	شارِقٌ-شارِقٌ، ةٌ 	
(فَا مِنْ ضَارَعَ)	مُضَارِعٌ-مُضَارِعٌ، ة 	
(فا مِنْ نَادَى)	نَادِي-نَادِي، نَادٍ 	
(فا مِنْ نَحَا)	نَاحِي-نَاحِي، نَاحٍ، ةٌ 	
(فا، من ثَنَى)	ثَانِي-ثَانِي، ثَانٍ، ةٌ 	
(فَا. مفع. مِن اِعْتَادَ)	مُعْتَادٌ-مُعْتَادٌ، ةٌ 	
(فَا. مفع. من اِمْتَدَّ)	مُمْتَدٌّ-مُمْتَدٌّ، ةٌ 	
(فَا. مفع. من اِمْتَصَّ)	مُمْتَصٌّ-مُمْتَصٌّ، ةٌ 	
(فا. من آرَبَ)	مُؤَارِبٌ-مُؤَارِبٌ، ةٌ 	
(فَا. مِنْ آسَفَ)	مُؤْسِفٌ-مُؤْسِفٌ، ةٌ 	
(فا. من آلَمَ)	مُؤْلِمٌ-مُؤْلِمٌ، ةٌ 	
(فا. من آمَنَ)	مُؤْمِنٌ-مُؤْمِنٌ، ةٌ 	
(فا. من آنَسَ)	مُؤْنِسٌ-مُؤْنِسٌ، ةٌ 	
(فا. من أبرأ)	مُبْرِئٌ-مُبْرِئٌ، ة	
(فا. من أَبْرَقَ)	مُبْرِقٌ-مُبْرِقٌ، ة	
(فَا. مِنْ أبرم)	مُبْرِمٌ-مُبْرِمٌ، ة	
(فَا. مِنْ أَبْصَرَ)	مُبْصِرٌ-مُبْصِرٌ، ةٌ 	
(فا. من أَبْطَلَ)	مُبْطِلٌ-مُبْطِلٌ، ةٌ 	
(فَا. مِنْ أَبْغَضَ)	مُبْغِضٌ-مُبْغِضٌ، ة 	
(فَا. مِنْ أَبْهَجَ)	مُبْهِجٌ-مُبْهِجٌ، ة	
(فَا. مِنْ أَبْهَرَ)	مُبْهِرٌ-مُبْهِرٌ، ةٌ 	
(فا. من أَتْعَبَ)	مُتْعِبٌ-مُتْعِبٌ، ةٌ 	
(فَا. مِنْ أَتْقَنَ)	مُتْقِنٌ-مُتْقِنٌ، ةٌ 	
(فَا. مِنْ أَتْلَفَ)	مُتْلِفٌ-مُتْلِفٌ، ةٌ 	
(فَا. من أَتَى)	آتِي-آتِي، آتٍ، ةٌ 	
(فَا. مِنْ أَثَارَ)	مُثِيرٌ-مُثِيرٌ 	
(فا. من أَثَّرَ)	مُؤَثِّرٌ-مُؤَثِّرٌ، ةٌ 	
(فَا. مِنْ أَثْرَى)	مُثْرِي-مُثْرِي، مُثْرٍ، ةٌ 	
(فَا. مِنْ أَثْلَجَ)	مُثْلِجٌ-مُثْلِجٌ، ةٌ 	
(فَا. مِنْ أَثِمَ)	آثِمٌ-آثِمٌ، ة 	
(فَا. مِنْ أَثْمَرَ)	مُثْمِر-مُثْمِرٌ، ةٌ 	
(فا. من أَجَابَ)	مجُيِبٌ-مُجِيبٌ، ةٌ 	
(فَا. مِنْ أَجَادَ)	مُجِيدٌ-مُجِيدٌ، ةٌ 	
(فا. من أَجَارَ)	مُجِيرٌ-مُجِيرٌ، ة 	
(فا. من أَجَازَ)	مُجِيزٌ-مُجِيزٌ، ة 	
(فَا. مِنْ أَجْحَفَ)	مُجْحِفٌ-مُجْحِفٌ، ةٌ 	
(فَا. مِنْ أَجْدَبَ)	مُجْدِبٌ-مُجْدِبٌ، ةٌ 	
(فا. من أَجَّرَ)	مُؤَجِّرٌ-مُؤَجِّرٌ، ةٌ 	
(فَا. مِنْ أَجْرَمَ)	مُجْرِمٌ-مُجْرِمٌ، ةٌ 	
(فَا. مِنْ أَجَفَلَ)	مُجْفِلٌ-مُجْفِلٌ، ةٌ 	
(فَا. مِنْ أَجَّلَ)	مُؤَجِّلٌ-مُؤَجِّلٌ، ةٌ 	
(فَا. مِنْ أَجَمَعَ)	مُجْمِعٌ-مُجْمِعٌ، ةٌ 	
(فَا. مِنْ أَجْهَضَ)	مُجْهِضٌ-مُجْهِضٌ، ةٌ 	
(فَا. مِنْ أَحَبَّ)	مُحِبٌّ-مُحِبٌّ، ةٌ 	
(فَا. مِنْ أحْدَثَ)	مُحْدِثٌ-مُحْدِثٌ، ةٌ 	
(فَا. مِنْ أَحْدَقَ)	مُحْدِقٌ-مُحْدِقٌ، ةٌ 	
(فَا. مِنْ أَحْرَقَ)	مُحْرِقٌ-مُحْرِقٌ، ةٌ 	
(فَا. مِنْ أَحْرَمَ)	مُحْرِمٌ-مُحْرِمٌ، ة 	
(فَا. مِنْ أَحْزَنَ)	مُحْزِنٌ-مُحْزِنٌ، ةٌ 	
(فَا. مِنْ أَحْسَنَ)	مُحْسِنٌ-مُحْسِنٌ، ةٌ 	
(فَا. مِنْ أَحَقَّ)	مُحِقٌّ-مُحِقٌّ، ةٌ 	
(فا. مِن أَحْوَلَ)	مُحْوِلٌ-مُحْوِلٌ، ة 	
(فَا. مِنْ أَخَافَ)	مُخِيفٌ-مُخِيفٌ، ةٌ 	
(فا. من أَخْبَرَ)	مُخْبِرٌ-مُخْبِرٌ، ةٌ 	
(فَا. مِنْ أَخْجَلَ)	مُخْجِلٌ-مُخْجِلٌ، ةٌ 	
(فا. من أَخَّرَ)	مُؤَخِّرٌ-مُؤَخِّرٌ، ةٌ 	
(فَا. مِنْ أَخْرَجَ)	مُخْرِجٌ-مُخْرِجٌ، ةٌ 	
(فَا. مِنْ أَخْطَأَ)	مُخْطِئٌ-مُخْطِئٌ، ةٌ 	
(فَا. مِنْ أَخْفَقَ)	مُخْفِقٌ-مُخْفِقٌ، ة 	
(فَا. مِنْ أَخَلَّ)	مُخِلٌّ-مُخِلٌّ، ة 	
(فَا. مِنْ أَخْلَصَ)	مُخْلِصٌ-مُخْلِصٌ، ةٌ 	
(فا. من أَدَانَ)	مُدِينٌ-مُدِينٌ، ةٌ 	
(فَا. مِنْ أَدَّبَ)	مُؤَدِّبٌ-مُؤَدِّبٌ، ةٌ 	
(فَا. مِنْ أَدْبَرَ)	مُدْبِرٌ-مُدْبِرٌ، ةٌ 	
(فَا. مِنْ أَدْرَكَ)	مُدْرِكٌ-مُدْرِكٌ، ةٌ 	
(فَا. مِنْ أَدْقَعَ)	مُدْقِعٌ-مُدْقِعٌ، ة 	
(فَا. مِنْ أَدْمَنَ)	مُدْمِنٌ-مُدْمِنٌ، ةٌ 	
(فَا. مِنْ أَدْهَشَ)	مُدْهِشٌ-مُدْهِشٌ، ةٌ 	
(فا. من أَدَّى)	مُؤَدِّي-مُؤَدِّي، مُؤَدٍّ، ةُ 	
(فَا. مِنْ أَذَاعَ)	مُذِيعٌ-مُذِيعٌ، ةٌ 	
(فَا. مِنْ أَذْعَنَ)	مُذْعِنٌ-مُذْعِنٌ، ةٌ 	
(فَا. مِنْ أَذَمَّ)	مُذِمٌّ-مُذِمٌّ، ة 	
(فا. من أَذَّنَ)	مُؤَذِّنٌ-مُؤَذِّنٌ، ة 	
(فَا. مِنْ أَذْنَبَ)	مُذْنِبٌ-مُذْنِبٌ، ةٌ 	
(فا. من أَذْهَلَ)	مُذْهِلٌ-مُذْهِلٌ، ةٌ 	
(فَا. مِنْ أذي)	مُؤْذِي-مُؤْذِي، مُؤْذٍ، ةٌ 	
(فا. من أرَّخَ)	مُؤَرِّخٌ-مُؤَرِّخٌ، ةٌ 	
(فا. من أَرْسَلَ)	مُرْسِلٌ-مُرْسِلٌ، ةٌ 	
(فَا. مِنْ أَرْشَدَ)	مُرْشِدٌ-مُرْشِدٌ، ةٌ 	
(فَا. مِنْ أَرْضَعَ)	مُرْضِعٌ-مُرْضِعٌ، ةٌ 	
(فَا. مِنْ أَرْعَبَ)	مُرْعِبٌ-مُرْعِبٌ، ةٌ 	
(فَا. مِنْ أَرَنَّ)	مُرِنٌّ-مُرِنٌّ، ةٌ 	
(فَا. مِنْ أَرْهَبَ)	مُرْهِبٌ-مُرْهِبٌ، ةٌ 	
(فَا. مِنْ أَرْهَقَ)	مُرْهِقٌ-مُرْهِقٌ، ةٌ 	
(فَا. مِنْ أَزْأَرَ)	مُزْئِرٌ-مُزْئِرٌ، ة 	
(فَا. مِنْ أَزْبَدَ)	مُزْبِدٌ-مُزْبِدٌ، ة 	
(فَا. مِنْ أَزْعَجَ)	مُزْعِجٌ-مُزْعِجٌ، ةٌ 	
(فَا. مِنْ أَزْمَنَ)	مُزْمِنٌ-مُزْمِنٌ، ةٌ 	
(فَا. مِنْ أَزْهَرَ)	مُزْهِرٌ-مُزْهِرٌ، ةٌ 	
(فَا. مِنْ أَسْبَتَ)	مُسْبِتٌ-مُسْبِتٌ، ةٌ 	
(فَا. مِن أَسْدَلَ)	مُسْدِلٌ-مُسْدِلٌ، ةٌ 	
(فَا. مِن أَسْرَعَ)	مُسْرِعٌ-مُسْرِعٌ، ةٌ 	
(فَا. مِن أَسْرَفَ)	مُسْرِفٌ-مُسْرِفٌ، ةٌ 	
(فا. من أَسَّسَ)	مُؤَسِّسٌ-مُؤَسِّسٌ، ةٌ 	
(فَا. مِن أَسْعَفَ)	مُسْعِفٌ-مُسْعِفٌ، ةٌ 	
(فَا. مِنْ أسِفَ)	آسِفٌ-آسِفٌ، ة 	
(فَا. مِن أَسْكَرَ)	مُسْكِرٌ-مُسْكِرٌ، ةٌ 	
(فَا. مِن أَسْلَمَ)	مُسْلِمٌ-مُسْلِمٌ، ةٌ 	
(فَا. مِن أسَنَ)	آسِنٌ-آسِنٌ، ة 	
(فَا. مِن أَسَنَّ)	مُسِنٌّ-مُسِنٌّ، ة 	
(فَا. مِن أَسْهَبَ)	مُسْهِبٌ-مُسْهِبٌ، ةٌ 	
(فَا. مِن أسْهَمَ)	مُسْهِمٌ-مُسْهِمٌ، ةٌ 	
(فَا. مِن أَشَادَ)	مُشِيدٌ-مُشِيدٌ، ةٌ 	
(فَا. مِن أَشَارَ)	مُشِيرٌ-مُشِيرٌ، ةٌ 	
(فَا. مِن أَشْتَى)	مُشْتِي-مُشْتِي، مُشْتٍ، ة 	
(فَا. مِن أَشَجَرَ)	مُشْجِرٌ-مُشْجِرٌ، ةٌ 	
(فَا. مِنْ أَشَّرَ)	مُؤَشِّرٌ-مُؤَشِّرٌ، ة 	
(فَا. مِن أَشْرَفَ)	مُشْرِفٌ-مُشْرِفٌ، ةٌ 	
(فَا. مِن أَشْرَقَ)	مُشْرِقٌ-مُشْرِقٌ، ةٌ 	
(فَا. مِن أَشَعَّ)	مُشِعٌّ-مُشِعٌّ، ةٌ 	
(فَا. مِن أَشْعَلَ)	مُشْعِلٌ-مُشْعِلٌ، ةٌ 	
(فَا. مِن أَشْفَقَ)	مُشْفِقٌ-مُشْفِقٌ، ةٌ 	
(فا. مِن أَشْكَلَ)	مُشْكِلٌ-مُشْكِلٌ، ةٌ 	
(فا. من أَشْمَسَ)	مُشْمِسٌ-مُشْمِسٌ، ة 	
(فَا. مِن أَصَابَ)	مُصِيبٌ-مُصِيبٌ، ةٌ 	
(فَا. مِن أَصْدَرَ)	مُصْدِرٌ-مُصْدِرٌ، ةٌ 	
(فَا. مِن أَصَرَّ)	مُصِرٌّ-مُصِرٌّ، ةٌ 	
(فَا. مِن أَصْغَى)	مُصْغِي-مُصْغِي، مُصْغٍ، ةٌ 	
(فَا. مِن أَصْلَحَ)	مُصْلِحٌ-مُصْلِحٌ، ةٌ 	
(فَا. مِن أَضَاءَ)	مُضِيءٌ-مُضِيءٌ	
(فَا. مِن أَضْجَرَ)	مُضْجِرٌ-مُضْجِرٌ، ة 	
(فَا. مِن أَضْحَكَ)	مُضْحِكٌ-مُضْحِكٌ، ةٌ 	
(فَا. مِن أَضْرَبَ)	مُضْرِبٌ-مُضْرِبٌ، ةٌ 	
(فَا. مِن أَضَلَّ)	مُضِلٌّ-مُضِلٌّ، ةٌ 	
(فَا. مِن أَضْنَى)	مُضْنِي-مُضْنِي، مُضْنٍ، ةٌ 	
(فَا. مِن أَطْبَقَ)	مُطْبِقٌ-مُطْبِقٌ، ة 	
(فَا. مِن أَطْرَبَ)	مُطْرِبٌ-مُطْرِبٌ، ةٌ 	
(فَا. مِن أَطْرَفَ)	مُطْرِفٌ-مُطْرِفٌ، ة 	
(فَا. مِن أَطْرَقَ)	مُطْرِقٌ-مُطْرِقٌ، ةٌ 	
(فَا. مِن أَطْفَأَ)	مُطْفِئٌ-مُطْفِئٌ، ةٌ 	
(فَا. مِن أَطَلَّ)	مُطِلٌّ-مُطِلٌّ، ةٌ 	
(فَا. مِن أَطْلَقَ)	مُطْلِقٌ-مُطْلِقٌ، ةٌ 	
(فَا. مِن أَطْنَبَ)	مُطْنِبٌ-مُطْنِبٌ 	
(فَا. مِن أَظَلَّ)	مُظِلٌّ-مُظِلٌّ، ة 	
(فَا. مِن أَظْلَمَ)	مُظْلِمٌ-مُظْلِمٌ، ةٌ 	
(فَا. مِن أَعَادَ)	مُعِيدٌ-مُعِيدٌ، ةٌ 	
(فَا. مِن أَعَاقَ)	مُعِيقٌ-مُعِيقٌ، ةٌ 	
(فَا. مِن أَعَالَ)	مُعِيلٌ-مُعِيلٌ، ة 	
(فَا. مِن أَعَانَ)	مُعِينٌ-مُعِينٌ، ةٌ 	
(فَا. مِن أَعْتَمَ)	مُعْتِمٌ-مُعْتِمٌ، ةٌ 	
(فَا. مِن أَعْجَبَ)	مُعْجِبٌ-مُعْجِبٌ، ةٌ 	
(فَا. مِن أَعْجَزَ)	مُعْجِزٌ-مُعْجِزٌ، ةٌ 	
(فَا. مِن أَعَدَّ)	مُعِدٌّ-مُعِدٌّ، ةٌ 	
(فَا. مِن أَعْدَمَ)	مُعْدِمٌ-مُعْدِمٌ، ةٌ 	
(فَا. مِن أَعْدَى)	مُعْدِي-مُعْدِي، مُعْدٍ، ةٌ 	
(فَا. مِن أَعْرَبَ)	مُعْرِبٌ-مُعْرِبٌ، ةٌ 	
(فَا. مِن أَعَزَّ)	مُعِزٌّ-مُعِزٌّ، ة 	
(فَا. مِن أَعْسَرَ)	مُعْسِرٌ-مُعْسِرٌ، ةٌ 	
(فَا. مِن أَعْشَبَ)	مُعْشِبٌ-مُعْشِبٌ، ةٌ 	
(فَا. مِن أَعْصَفَ)	مُعْصِفٌ-مُعْصِفٌ، ةٌ 	
(فا. مِن أَعْضَلَ)	مُعْضِلٌ-مُعْضِلٌ، ة 	
(فَا. مِن أَعْطَبَ)	مُعْطِبٌ-مُعْطِبٌ، ةٌ 	
(فَا. مِن أَعْطَى)	مُعْطِي-مُعْطِي، مُعْطٍ، ةٌ 	
(فَا. مِن أَعْلَنَ)	مُعْلِنٌ-مُعْلِنٌ، ةٌ 	
(فَا. مِن أَعْمَى)	مُعْمِي-مُعْمِي، مُعْمٍ، ةٌ 	
(فَا. مِن أَعْوَزَ)	مُعْوِزٌ-مُعْوِزٌ، ةٌ 	
(فَا. مِن أَغَاثَ)	مُغِيثٌ-مُغِيثٌ، ةٌ 	
(فَا. مِنْ أَغْرَضَ)	مُغْرِضٌ-مُغْرِضٌ، ةٌ 	
(فَا. مِن أَغْرَى)	مُغْرِي-مُغْرِي، مُغْرٍ، ةٌ 	
(فا. من أَغْنَى)	مُغْنِي-مُغْنِي، مُغْنٍ، ة 	
(فا. من أَفَادَ)	مُفِيدٌ-مُفِيدٌ، ةٌ 	
(فَا. مِن أَفْتَى)	مُفْتِي-مُفْتِي، مُفْتٍ، ة 	
(فَا. مِن أَفْجَعَ)	مُفْجِعٌ-مُفْجِعٌ، ة 	
(فَا. مِن أَفْحَمَ)	مُفْحِمٌ-مُفْحِمٌ، ةٌ 	
(فَا. مِن أَفْرَحَ)	مُفْرِحٌ-مُفْرِحٌ، ةٌ 	
(فا. من أَفْرَطَ)	مُفْرِطٌ-مُفْرِطٌ، ةٌ 	
(فا. من أَفْزَعَ)	مُفْزِعٌ-مُفْزِعٌ، ةٌ 	
(فا. من أَفْسَدَ)	مُفْسِدٌ-مُفْسِدٌ، ةٌ 	
(فا. من أَفْشَى)	مُفْشِي-مُفْشِي، مُفْشٍ، ةٌ 	
(فا. من أَفْصَحَ)	مُفْصِحٌ-مُفْصِحٌ، ةٌ 	
(فا. من أَفَلَ)	آفِلٌ-آفِلٌ، ة 	
(فا. من أَفْلَسَ)	مُفْلِسٌ-مُفْلِسٌ، ةٌ 	
(فا. من أَفْلَقَ)	مُفْلِقٌ-مُفْلِقٌ، ةٌ 	
(فا. من أَقَامَ)	مُقِيمٌ-مُقِيمٌ، ةٌ 	
(فا. من أَقْبَلَ)	مُقْبِلٌ-مُقْبِلٌ، ةٌ 	
(فا. من أَقْذَعَ)	مُقْذِعٌ-مُقْذِعٌ، ةٌ 	
(فا. من أَقْرَضَ)	مُقْرِضٌ-مُقْرِضٌ، ةٌ 	
(فا. من أَقْرَفَ)	مُقْرِفٌ-مُقْرِفٌ، ةٌ 	
(فا. من أَقْسَطَ)	مُقْسِطٌ-مُقْسِطٌ، ةٌ 	
(فا. من أَقْفَرَ)	مُقْفِرٌ-مُقْفِرٌ، ةٌ 	
(فا. من أَقَلَّ)	مُقِلٌّ-مُقِلٌّ، ةٌ 	
(فا. من أَقْلَقَ)	مُقْلِقٌ-مُقْلِقٌ، ةٌ 	
(فا. من أَقْمَرَ)	مُقْمِرٌ-مُقْمِرٌ، ةٌ 	
(فا. من أَقْنَعَ)	مُقْنِعٌ-مُقْنِعٌ، ةٌ 	
(فا. من أَكَبَّ)	مُكِبٌّ-مُكِبٌّ، ة 	
(فا. من أَكْثَرَ)	مُكْثِرٌ-مُكْثِرٌ، ةٌ 	
(فا. من أَكَّدَ)	مُؤَكِّدٌ-مُؤَكِّدٌ، ةٌ 	
(فا. من أَكْرَهَ)	مُكْرِهٌ-مُكْرِهٌ، ةٌ 	
(فا. من أَلْحَدَ).	مُلْحِدٌ-مُلْحِدٌ، ةٌ 	
(فا. من أَلْحَمَ)	مُلْحِمٌ-مُلْحِمٌ، ةٌ 	
(فا. من أَلْزَمَ)	مُلْزِمٌ-مُلْزِمٌ، ةٌ 	
(فا. من أَلْسَنَ)	مُلْسِنٌ-مُلْسِنٌ، ةٌ 	
(فا. من أَلَّفَ)	مُؤَلِّفٌ-مُؤَلِّفٌ، ةٌ 	
(فا. من أَلْقَى)	مُلْقِي-مُلْقِي، مُلْقٍ، ةٌ 	
(فا. من أَلَمَّ)	مُلِمٌّ-مُلِمٌّ، ةٌ 	
(فا. من أَمَاتَ)	مُمِيتٌ-مُمِيتٌ، ةٌ 	
(فا. من أَمْتَعَ)	مُمْتِعٌ-مُمْتِعٌ، ةٌ 	
(فَا. من أمر)	آمِرٌ-آمِرٌ، ة 	
(فا. من أَمْسَكَ)	مُمْسِكٌ-مُمْسِكٌ، ةٌ 	
(فا. من أَمْطَرَ)	مُمْطِرٌ-مُمْطِرٌ، ةٌ 	
(فا. من أَمْعَنَ)	مُمْعِنٌ-مُمْعِنٌ، ةٌ 	
(فا. من أَمْكَنَ)	مُمْكِنٌ-مُمْكِنٌ، ة 	
(فا. من أَمَلَّ)	مُمِلٌّ-مُمِلٌّ، ةٌ 	
(فَا. منْ أمِنَ)	آمِنٌ-آمِنٌ، ةٌ 	
(فا. من أَنَابَ)	مُنِيبٌ-مُنِيبٌ، ةٌ 	
(فا. من أَنَارَ)	مُنِيرٌ-مُنِيرٌ، ةٌ 	
(فا. من أَنَافَ)	مُنِيفٌ-مُنِيفٌ، ةٌ 	
(فا. من أَنْتَجَ)	مُنْتِجٌ-مُنْتِجٌ، ةٌ 	
(فا. من أَنْتَنَ)	مُنْتِنٌ-مُنْتِنٌ، ةٌ 	
(فا. مِن أَنْجَبَ)	مُنْجِبٌ-مُنْجِبٌ، ةٌ 	
(فا. من أَنْجَدَ)	مُنْجِدٌ-مُنْجِدٌ، ةٌ 	
(فا. من أَنْذَرَ)	مُنْذِرٌ-مُنْذِرٌ، ة 	
(فا. من أَنْشَأَ)	مُنْشِئٌ-مُنْشِئٌ، ةٌ 	
(فا. من أَنْشَدَ)	مُنْشِدٌ-مُنْشِدٌ، ةٌ 	
(فا. من أَنْصَتَ)	مُنْصِتٌ-مُنْصِتٌ، ةٌ 	
(فا. من أَنْصَفَ)	مُنْصِفٌ-مُنْصِفٌ، ةٌ 	
(فا. من أَنْعَشَ)	مُنْعِشٌ-مُنْعِشٌ، ةٌ 	
(فا. من أَنْقَذَ)	مُنْقِذٌ-مُنْقِذٌ، ةٌ 	
(فا. من أَنْكَرَ)	مُنْكِرٌ-مُنْكِرٌ، ةٌ 	
(فا. من أَنْهَكَ)	مُنْهِكٌ-مُنْهِكٌ، ةٌ 	
(فَا. مِنْ أهَل)	آهِلٌ-آهِلٌ، ة 	
(فا. من أَهْلَكَ)	مُهْلِكٌ-مُهْلِكٌ، ةٌ 	
(فا. من أَهْمَلَ)	مُهْمِلٌ-مُهْمِلٌ، ةٌ 	
(فا. من أَوْجَبَ)	مُوجِبٌ-مُوجِبٌ، ةٌ 	
(فا. من أَوْجَزَ)	مُوجِزٌ-مُوجِزٌ، ةٌ 	
(فا. من أَوْحَشَ)	مُوحَشٌ-مُوحَشٌ، ةٌ 	
(فا. من أَوْحَى)	مُوحِي-مُوحِي، مُوحٍ، ةٌ 	
(فا. من أَوْدَعَ)	مُودِعٌ-مُودِعٌ، ةٌ 	
(فا. من أَوْرَقَ)	مُورِقٌ-مُورِقٌ، ةٌ 	
(فا. من أَوْشَكَ)	مُوشِكٌ-مُوشِكٌ، ةٌ 	
(فا. من أَوْصَى)	مُوصِي-مُوصِي، مُوصٍ، ةٌ 	
(فا. من أَوْهَنَ)	مُوهِنٌ-مُوهِنٌ، ةٌ 	
(فَا. مِنْ أَيَّدَ)	مُؤَيِّدٌ-مُؤَيِّدٌ، ةٌ 	
(فا. من أَيْسَرَ)	مُوسِرٌ-مُوسِرٌ، ة	
(فا. من أَيْقَنَ)	مُوقِنٌ-مُوقِنٌ، ةٌ 	
(فَا. مِن اِئْتَزَرَ)	مُؤْتَزِرٌ-مُؤْتَزِرٌ، ةٌ 	
(فَا. مِن اِئْتَلَفَ)	مُؤْتَلِفٌ-مُؤْتَلِفٌ، ةٌ 	
(فَا. مِن اِئْتَمَرَ)	مُؤْتَمِرٌ-مُؤْتَمِرٌ، ةٌ 	
(فَا. مِن اِبْتَدَأَ)	مُبْتَدِئٌ-مُبْتَدِئٌ، ةٌ 	
(فَا. مِن اِبْتَدَعَ)	مُبْتَدِعٌ-مُبْتَدِعٌ، ةٌ 	
(فَا. مِن اِبْتَكَرَ)	مُبْتَكِرٌ-مُبْتَكِرٌ، ةٌ 	
(فَا. مِن اِبْتَهَجَ)	مُبْتَهِجٌ-مُبْتَهِجٌ، ةٌ 	
(فَا. مِن اِبْتَهَلَ)	مُبْتَهِلٌ-مُبْتَهِلٌ، ةٌ 	
(فَا. مِن اِتَّبَعَ)	مُتَّبِعٌ-مُتَّبِعٌ، ة 	
(فَا. مِن اِتَّجَهَ)	مُتَّجِهٌ-مُتَّجِهٌ، ة 	
(فَا. مِن اِتَّحَدَ)	مُتَّحِدٌ-مُتَّحِدٌ، ةٌ 	
(فَا. مِن اِتَّزَنَ)	مُتَّزِنٌ-مُتَّزِنٌ، ةٌ 	
(فَا. مِن اِتَّسَعَ).	مُتَّسِعٌ-مُتَّسِعٌ، ةٌ 	
(فَا. مِن اِتِّسَقَ)	مُتَّسِقٌ-مُتَّسِقٌ، ةٌ 	
(فَا. مِن اِتَّشَحَ)	مُتَّشِحٌ-مُتَّشِحٌ، ةٌ 	
(فَا. مِن اِتَّصَلَ)	مُتَّصِلٌ-مُتَّصِلٌ، ةٌ 	
(فَا. مِن اِتَّفَقَ)	مُتَّفِقٌ-مُتَّفِقٌ، ةٌ 	
(فَا. مِن اِتَّقَدَ)	مُتَّقِدٌ-مُتَّقِدٌ، ةٌ 	
(فَا. مِن اِتَّكَأَ)	مُتَّكِئٌ-مُتَّكِئٌ، ةٌ 	
(فَا. مِن اِتَّهَمَ)	مُتَّهِمٌ-مُتَّهِمٌ، ةٌ 	
(فَا. مِن اِجْتَرَّ)	مُجْتَرّ-مُجْتَرّ، ةٌ 	
(فَا. مِن اِحْتَاطَ)	مُحْتَاطٌ-مُحْتَاطٌ، ةٌ 	
(فَا. مِن اِحْتَالَ)	مُحْتَالٌ-مُحْتَالٌ، ةٌ 	
(فَا. مِن اِحْتَجَّ)	مُحْتَجٌّ-مُحْتَجٌّ، ةٌ 	
(فَا. مِن اِحْتَدَّ)	مُحْتَدٌّ-مُحْتَدٌّ، ةٌ 	
(فَا. مِن اِحْتَرَفَ)	مُحْتَرِفٌ-مُحْتَرِفٌ، ةٌ 	
(فَا. مِن اِحْتَرَمَ)	مُحْتَرِمٌ-مُحْتَرِمٌ، ةٌ 	
(فَا. مِن اِحْتَسَبَ)	مُحْتَسِبٌ-مُحْتَسِبٌ، ةٌ 	
(فَا. مِن اِحْتَشَمَ)	مُحْتَشِمٌ-مُحْتَشِمٌ، ةٌ 	
(فَا. مِن اِحْتَفَلَ)	مُحْتَفِلٌ-مُحْتَفِلٌ، ةٌ 	
(فَا. مِن اِحْتَقَرَ)	مُحْتَقِرٌ-مُحْتَقِرٌ، ةٌ 	
(فَا. مِن اِحْتَكَرَ)	مُحْتَكِرٌ-مُحْتَكِرٌ، ةٌ 	
(فَا. مِن اِحْمَرَّ)	مُحْمَرٌّ-مُحْمَرٌّ، ةٌ 	
(فَا. مِن اِخْتَبَأَ)	مُخْتَبِئٌ-مُخْتَبِئٌ، ةٌ 	
(فَا. مِن اِخْتَبَرَ)	مُخَتَبِرٌ-مُخَتَبِرٌ، ةٌ 	
(فَا. مِن اِخْتَرَعَ)	مُخْتَرِعٌ-مُخْتَرِعٌ، ةٌ 	
(فَا. مِن اِخْتَرَقَ)	مُخْتَرِقٌ-مُخْتَرِقٌ، ةٌ 	
(فَا. مِن اِخْتَزَلَ)	مُخْتَزِلٌ-مُخْتَزِلٌ، ةٌ 	
(فَا. مِن اِخْتَصَّ)	مُخْتَصّ-مُخْتَصّ، ةٌ 	
(فَا. مِن اِخْتَصَرَ)	مُخْتَصِرٌ-مُخْتَصِرٌ، ةٌ 	
(فَا. مِن اِخْتَفَى)	مُخْتَفِي-مُخْتَفِي، مُخْتَفٍ، ةٌ 	
(فَا. مِن اِخْتَلَطَ)	مُخْتَلِطٌ-مُخْتَلِطٌ، ةٌ 	
(فَا. مِن اِخْتَلَفَ)	مُخْتَلِفٌ-مُخْتَلِفٌ، ةٌ 	
(فَا. مِن اِخْتَلَقَ)	مُخْتَلِقٌ-مُخْتَلِقٌ، ةٌ 	
(فَا. مِن اِخْتَنَقَ)	مُخْتَنِقٌ-مُخْتَنِقٌ، ةٌ 	
(فَا. مِن اِدَّثَّرَ)	مُدَّثِّرٌ-مُدَّثِّرٌ، ةٌ 	
(فَا. مِن اِدَّعَى)	مُدَّعِي-مُدَّعِي، مُدَّعٍ، ةٌ 	
(فا. مِن اِرْتَاحَ)	مُرْتَاحٌ-مُرْتَاحٌ، ةٌ 	
(فَا. مِن اِرْتَاعَ)	مُرْتَاعٌ-مُرْتَاعٌ، ةٌ 	
(فَا. مِن اِرْتَبَطَ)	مُرْتَبِطٌ-مُرْتَبِطٌ، ةٌ 	
(فَا. مِن اِرْتَبَكَ)	مُرْتَبِكٌ-مُرْتَبِكٌ، ةٌ 	
(فَا. مِن اِرْتَجَّ)	مُرْتَجٌّ-مُرْتَجٌّ، ة 	
(فَا. مِن اِرْتَجَلَ)	مُرْتَجِلٌ-مُرْتَجِلٌ، ةٌ 	
(فَا. مِن اِرْتَدَّ)	مُرْتَدٌّ-مُرْتَدٌّ، ةٌ 	
(فَا. مِن اِرْتَزَقَ)	مُرْتَزِقٌ-مُرْتَزِقٌ، ةٌ 	
(فَا. مِن اِرْتَشَى)	مُرْتَشِي-مُرْتَشِي، مُرْتَشٍ، ةٌ 	
(فَا. مِن اِرْتَعَبَ)	مُرْتَعِبٌ-مُرْتَعِبٌ، ةٌ 	
(فَا. مِن اِرْتَعَدَ)	مُرْتَعِدٌ-مُرْتَعِدٌ، ةٌ 	
(فَا. مِن اِرْتَعَشَ)	مُرْتَعِشٌ-مُرْتَعِشٌ، ةٌ 	
(فَا. مِن اِرْتَفَعَ)	مُرْتَفِعٌ-مُرْتَفِعٌ، ةٌ 	
(فَا. مِن اِرْتَقَبَ)	مُرْتَقِبٌ-مُرْتَقِبٌ، ةٌ 	
(فَا. مِن اِرْتَقَى)	مُرْتَقِي-مُرْتَقِي، مُرْتَقٍ، ةٌ 	
(فَا. مِن اِرْتَكَبَ)	مُرْتَكِبٌ-مُرْتَكِبٌ، ةٌ 	
(فَا. مِن اِرْتَكَزَ)	مُرْتَكِزٌ-مُرْتَكِزٌ، ةٌ 	
(فَا. مِن اِرْتَهَنَ)	مُرْتَهِنٌ-مُرْتَهِنٌ، ة 	
(فَا. مِن ازْدَحَمَ)	مُزْدَحِمٌ-مُزْدَحِمٌ، ةٌ 	
(فَا. مِن اِزْدَرَدَ)	مُزْدَرِدٌ-مُزْدَرِدٌ، ةٌ 	
(فَا. مِن اِزْدَرَى)	مُزْدَرِي-مُزْدَرِي، مُزْدَرٍ، ةٌ 	
(فَا. مِن اِزْدَهَرَ)	مُزْدَهِرٌ-مُزْدَهِرٌ، ةٌ 	
(فَا. مِن اِزْدَوَجَ)	مُزْدَوِجٌ-مُزْدَوِجٌ، ةٌ 	
(فَا. مِن اِزَّمَّلَ)	مُزَّمِّلٌ-مُزَّمِّلٌ، ة 	
(فَا. مِن اِسْتَأْثَرَ)	مُسْتَأْثِرٌ-مُسْتَأْثِرٌ، ةٌ 	
(فَا. مِن اِسْتَأْجَرَ)	مُسْتَأْجِرٌ-مُسْتَأْجِرٌ، ةٌ 	
(فَا. مِن اِسْتَأْنَفَ)	مُسْتَأْنِفٌ-مُسْتَأْنِفٌ، ةٌ 	
(فَا. مِن اِسْتَأْهَلَ)	مُسْتَأْهِلٌ-مُسْتَأْهِلٌ، ةٌ 	
(فَا. مِن اِسْتَاءَ)	مُسْتَاءٌ-مُسْتَاءٌ 	
(فَا. مِن اِسْتَبَدَّ)	مُسْتَبِدٌّ-مُسْتَبِدٌّ، ةٌ 	
(فَا. مِن اِسْتَبْشَرَ)	مُسْتَبْشِرٌ-مُسْتَبْشِرٌ، ةٌ 	
(فَا. مِن اِسْتَتَرَ)	مُسْتَتِرٌ-مُسْتَتِرٌ، ةٌ 	
(فَا. مِن اِسْتَثَارَ)	مُسْتَثِيرٌ-مُسْتَثِيرٌ، ةٌ 	
(فَا. مِن اِسْتَثْمَرَ)	مُسْتَثْمِرٌ-مُسْتَثْمِرٌ، ةٌ 	
(فَا. مِن اِسْتَجَارَ)	مُسْتَجِيرٌ-مُسْتَجِيرٌ، ةٌ 	
(فَا. مِن اِسْتَجْدَى)	مُسْتَجْدِي-مُسْتَجْدِي، مُسْتَجْدٍ، ةٌ 	
(فَا. مِن اِسْتَجْوَبَ)	مُسْتَجْوِبٌ-مُسْتَجْوِبٌ، ةٌ 	
(فَا. مِن اِسْتَحَالَ)	مُسْتَحِيلٌ-مُسْتَحِيلٌ، ة 	
(فَا. مِن اِسْتَحَقَّ)	مُسْتَحِقٌّ-مُسْتَحِقٌّ، ةٌ 	
(فَا. مِن اِسْتَحْوَذَ)	مُسْتَحْوِذٌ-مُسْتَحْوِذٌ، ةٌ 	
(فَا. مِن اِسْتَحْيا)	مُسْتَحِي-مُسْتَحِي، مُسْتَحٍ، ةٌ 	
(فَا. مِن اِسْتَخْدَمَ)	مُسْتَخْدِمٌ-مُسْتَخْدِمٌ، ةٌ 	
(فَا. مِن اِسْتَدَامَ)	مُسْتَدِيمٌ-مُسْتَدِيمٌ، ة 	
(فَا. مِن اِسْتَدَانَ)	مُسْتَدِينٌ-مُسْتَدِينٌ، ةٌ 	
(فَا. مِن اِسْتَدْعَى)	مُسْتَدْعِي-مُسْتَدْعِي، مُسْتَدْعٍ، ةٌ 	
(فَا. مِن اِسْتَرَاحَ)	مُسْتَرِيحٌ-مُسْتَرِيحٌ، ةٌ 	
(فَا. مِن اِسْتَرْسَلَ)	مُسْتَرْسِلٌ-مُسْتَرْسِلٌ، ةٌ 	
(فَا. مِن اِسْتَرَقَ)	مُسْتَرِقٌ-مُسْتَرِقٌ، ة 	
(فَا. مِن اِسْتَزَادَ)	مُسْتَزِيدٌ-مُسْتَزِيدٌ، ةٌ 	
(فَا. مِن اِسْتَسْلَمَ)	مُسْتَسْلِمٌ-مُسْتَسْلِمٌ، ةٌ 	
(فَا. مِن اِسْتَشَاطَ)	مُسْتَشِيطٌ-مُسْتَشِيطٌ، ةٌ 	
(فَا. مِن اِسْتَشْرَقَ)	مُسْتَشْرِقٌ-مُسْتَشْرِقٌ، ةٌ 	
(فَا. مِن اِسْتَطَارَ)	مُسْتَطِيرٌ-مُسْتَطِيرٌ، ةٌ 	
(فـا. من اِسْتَطَالَ)	مُسْتَطِيلٌ-مُسْتَطِيلٌ، ةٌ 	
(فَا. مِن اِسْتَعَارَ)	مُسْتَعِيرٌ-مُسْتَعِيرٌ، ة 	
(فَا. مِن اِسْتَعْبَدَ)	مُسْتَعْبِدٌ-مُسْتَعْبِدٌ، ةٌ 	
(فَا. مِن اِسْتَعْجَلَ)	مُسْتَعْجِلٌ-مُسْتَعْجِلٌ، ةٌ 	
(فَا. مِن اِسْتَعَدَّ)	مُسْتَعِدٌّ-مُسْتَعِدٌّ، ة 	
(فَا. مِن اِسْتَعَرَ)	مُسْتَعِرٌ-مُسْتَعِرٌ، ةٌ 	
(فَا. مِن اِسْتَعْرَبَ)	مُسْتَعْرِبٌ-مُسْتَعْرِبٌ، ةٌ 	
(فَا. مِن اِسْتَعْصَى)	مُسْتَعْصِي-مُسْتَعْصِي، مُسْتَعْصٍ، ةٌ 	
(فَا. مِن اِسْتَعْطَى)	مُسْتَعْطِي-مُسْتَعْطِي، مُسْتَعْطٍ، ةٌ 	
(فَا. مِن اِسْتَعْمَرَ)	مُسْتَعْمِرٌ-مُسْتَعْمِرٌ، ة 	
(فَا. مِن اِسْتَعْمَلَ)	مُسْتَعْمِلٌ-مُسْتَعْمِلٌ، ة 	
(فَا. مِن اِسْتَغَاثَ)	مُسْتَغِيثٌ-مُسْتَغِيثٌ، ةٌ 	
(فَا. مِن اِسْتَغْرَقَ)	مُسْتَغْرِقٌ-مُسْتَغْرِقٌ، ةٌ 	
(فَا. مِن اِسْتَغْفَرَ)	مُسْتَغْفِرٌ-مُسْتَغْفِرٌ، ةٌ 	
(فَا. مِن اِسْتَغَلَّ)	مُسْتَغِلٌّ-مُسْتَغِلٌّ، ة 	
(فَا. مِن اِسْتَفَادَ)	مُسْتَفِيدٌ-مُسْتَفِيدٌ، ةٌ 	
(فَا. مِن اِسْتَفَاضَ)	مُسْتَفِيضٌ-مُسْتَفِيضٌ، ةٌ 	
(فَا. مِن اِسْتَفَزَّ)	مُسْتَفِزٌّ-مُسْتَفِزٌّ، ةٌ 	
(فَا. مِن اِسْتَقَالَ)	مُسْتَقِيلٌ-مُسْتَقِيلٌ، ةٌ 	
(فَا. مِن اِسْتَقَامَ)	مُسْتَقِيمٌ-مُسْتَقِيمٌ، ةٌ 	
(فَا. مِن اِسْتَقْبَلَ)	مُسْتَقْبِلٌ-مُسْتَقْبِلٌ، ةٌ 	
(فَا. مِن اِسْتَقَرَّ)	مُسْتَقِرٌّ-مُسْتَقِرٌّ، ةٌ 	
(فَا. مِن اِسْتَقْصَى)	مُسْتَقْصِي-مُسْتَقْصِي، مُسْتَقْصٍ، ةٌ 	
(فَا. مِن اِسْتَقْطَبَ)	مُسْتَقْطِبٌ-مُسْتَقْطِبٌ، ةٌ 	
(فَا. مِن اِسْتَقَلَّ)	مُسْتَقِلٌّ-مُسْتَقِلٌّ، ةٌ 	
(فَا. مِن اِسْتَكْشَفَ)	مُسْتَكْشِفٌ-مُسْتَكْشِفٌ، ةٌ 	
(فَا. من اِسْتَلْزَمَ)	مُسْتَلْزِمٌ-مُسْتَلْزِمٌ، ةٌ 	
(فَا. مِن اِسْتَلَمَ)	مُسْتَلِمٌ-مُسْتَلِمٌ، ةٌ 	
(فَا. مِن اِسْتَمَاتَ)	مُسْتَمِيتٌ-مُسْتَمِيتٌ، ةٌ 	
(فَا. مِن اِسْتَمْتَعَ)	مُسْتَمْتِعٌ-مُسْتَمْتِعٌ، ةٌ 	
(فَا. مِن اِسْتَمَدَّ)	مُسْتَمِدٌّ-مُسْتَمِدٌّ، ةٌ 	
(فَا. مِن اِسْتَمَرَّ)	مُسْتَمِرٌّ-مُسْتَمِرٌّ، ةٌ 	
(فا. مِن اسْتَمَعَ)	مُسْتَمِعٌ-مُسْتَمِعٌ، ةٌ 	
(فَا. مِن اِسْتَنَارَ)	مُسْتَنِيرٌ-مُسْتَنِيرٌ، ةٌ 	
(فا. من اِسْتَنَدَ).	مُسْتَنِدٌ-مُسْتَنِدٌ، ةٌ 	
(فَا. مِن اِسْتَنْزَفَ)	مُسْتَنْزِفٌ-مُسْتَنْزِفٌ، ةٌ 	
(فَا. مِن اِسْتَنْسَخَ)	مُسْتَنْسِخٌ-مُسْتَنْسِخٌ، ةٌ 	
(فَا. مِن اِسْتَنْشَقَ)	مُسْتَنْشِقٌ-مُسْتَنْشِقٌ، ةٌ 	
(فَا. مِن اِسْتَنْطَقَ)	مُسْتَنْطِقٌ-مُسْتَنْطِقٌ، ة 	
(فَا. مِن اِسْتَنْفَرَ)	مُسْتَنْفِرٌ-مُسْتَنْفِرٌ، ةٌ 	
(فَا. مِن اِسْتَنْكَرَ)	مُسْتَنْكِرٌ-مُسْتَنْكِرٌ، ةٌ 	
(فَا. مِن اِسْتَنْكَفَ)	مُسْتَنْكِفٌ-مُسْتَنْكِفٌ، ةٌ 	
(فَا. مِن اِسْتَهْتَرَ)	مُسْتَهْتِرٌ-مُسْتَهْتِرٌ، ةٌ 	
(فَا. مِن اِسْتَهْجَنَ)	مُسْتَهْجِنٌ-مُسْتَهْجِنٌ، ةٌ 	
(فَا. مِن اِسْتَهْزَأَ)	مُسْتَهْزِئٌ-مُسْتَهْزِئٌ، ةٌ 	
(فَا. مِن اِسْتَهْلَكَ)	مُسْتَهْلِكٌ-مُسْتَهْلِكٌ، ةٌ 	
(فا. مِن اسْتُهِيمَ)	مُسْتَهَامٌ-مُسْتَهَامٌ، ة 	
(فا. مِن اِسْتَوْجَبَ)	مُسْتَوْجِبٌ-مُسْتَوْجِبٌ، ةٌ 	
(فَا. مِن اِسْتَوْحَشَ)	مُسْتَوْحِشٌ-مُسْتَوْحِشٌ، ةٌ 	
(فَا. مِن اِسْتَوْرَدَ)	مُسْتَوْرِدٌ-مُسْتَوْرِدٌ، ةٌ 	
(فَا. مِن اِسْتَوْعَبَ)	مُسْتَوْعِبٌ-مُسْتَوْعِبٌ، ةٌ 	
(فَا. مِن اِسْتَوْلَى)	مُسْتَوْلِي-مُسْتَوْلِي، مُسْتَوْلٍ، ةٌ 	
(فَا. مِن اِسْتَوَى)	مُسْتَوِي-مُسْتَوِي، مُسْتَوٍ، ةٌ 	
(فَا. مِن اِسْوَدَّ)	مُسْوَدٌّ-مُسْوَدٌّ، ةٌ 	
(فا. مِن اِشْتَاقَ)	مُشْتَاقٌ-مُشْتَاقٌ، ةٌ 	
(فَا. مِن اِشْتَبَهَ)	مُشْتَبِهٌ-مُشْتَبِهٌ، ة 	
(فَا. مِن اِشْتَرَكَ)	مُشْتَرِكٌ-مُشْتَرِكٌ، ةٌ 	
(فَا. مِن اِشْتَرَى)	مُشْتَرِي-مُشْتَرِي، مُشْتَرٍ، ةٌ 	
(فَا. مِن اِشْتَعَلَ)	مُشْتَعِلٌ-مُشْتَعِلٌ، ةٌ 	
(فَا. مِن اِشْتَكَى)	مُشْتَكِي-مُشْتَكِي، مُشْتَكٍ، ةٌ 	
(فَا. مِن اِشْتَمَلَ)	مُشْتَمِلٌ-مُشْتَمِلٌ، ةٌ 	
(فَا. مِن اِشْتَهَى)	مُشْتَهِي-مُشْتَهِي، مُشْتَهٍ، ةٌ 	
(فا. مِن اِشْمَأَزَّ)	مُشْمَئِزٌّ-مُشْمَئِزٌّ، ة 	
(فا. من اِشْمَخَرَّ)	مُشْمَخِرٌّ-مُشْمَخِرٌّ، ةٌ 	
(فَا. مِن اِصْطَحَبَ)	مُصْطَحِبٌ-مُصْطَحِبٌ، ةٌ 	
(فَا. مِن اِصْفَرَّ)	مُصْفَرٌّ-مُصْفَرٌّ، ةٌ 	
(فَا. مِن اِضْطَرَبَ)	مُضْطَرِبٌ-مُضْطَرِبٌ، ةٌ 	
(فَا. مِن اِضْطَرَمَ)	مُضْطَرِمٌ-مُضْطَرِمٌ، ةٌ 	
(فَا. مِن اِضْطَهَدَ)	مُضْطَهِدٌ-مُضْطَهِدٌ، ةٌ 	
(فَا. مِن اِطَّرَدَ)	مُطَّرِدٌ-مُطَّرِدٌ، ةٌ 	
(فا. مِن اِطَّلَعَ)	مُطَّلِعٌ-مُطَّلِعٌ، ةٌ 	
(فَا. مِن اِطْمَأَنَّ)	مُطْمَئِنٌّ-مُطْمَئِنٌّ، ة 	
(فَا. مِن اِعْتَدَّ)	مُعْتَدٌّ-مُعْتَدٌّ، ة 	
(فَا. مِن اِعْتَدَلَ)	مُعْتَدِلٌ-مُعْتَدِلٌ، ةٌ 	
(فَا. مِن اِعْتَدَى)	مُعْتَدِي-مُعْتَدِي، مُعْتَدٍ، ةٌ 	
(فَا. مِن اِعْتَرَضَ)	مُعْتَرِضٌ-مُعْتَرِضٌ، ةٌ 	
(فَا. مِن اِعْتَرَفَ)	مُعْتَرِفٌ-مُعْتَرِفٌ، ةٌ 	
(فَا. مِن اِعْتَزَلَ)	مُعْتَزِلٌ-مُعْتَزِلٌ، ةٌ 	
(فَا. مِن اِعْتَصَمَ)	مُعْتَصِمٌ-مُعْتَصِمٌ، ةٌ 	
(فَا. مِن اِعْتَقَدَ)	مُعْتَقِدٌ-مُعْتَقِدٌ، ةٌ 	
(فا. من اِعْتَمَدَ)	مُعْتَمِدٌ-مُعْتَمِدٌ، ةٌ 	
(فَا. مِن اِعْتَمَرَ)	مُعْتَمِرٌ-مُعْتَمِرٌ، ةٌ 	
(فَا. مِن اِعْتَنَقَ)	مُعْتَنِقٌ-مُعْتَنِقٌ، ةٌ 	
(فَا. مِن اِعْتَنَى)	مُعْتَنِي-مُعْتَنِي، مُعتَنٍ، ةٌ 	
(فَا. مِن اِعْوَجَّ)	مُعْوَجٌّ-مُعْوَجٌّ، ةٌ 	
(فَا. مِن اِغْتَبَطَ)	مُغْتَبِطٌ-مُغْتَبِطٌ، ة 	
(فَا. مِن اِغْتَرَبَ)	مُغْتَرِبٌ-مُغْتَرِبٌ، ةٌ 	
(فَا. مِن اِغْتَسَلَ)	مُغْتَسِلٌ-مُغْتَسِلٌ، ةٌ 	
(فَا. مِن اِغْتَصَبَ)	مُغْتَصِبٌ-مُغْتَصِبٌ، ةٌ 	
(فَا. مِن اِغْتَمَّ)	مُغْتَمٌّ-مُغْتَمٌّ، ةٌ 	
(فَا. مِن اِغْتَمَرَ)	مُغْتَمِرٌ-مُغْتَمِرٌ، ةٌ 	
(فَا. مِن اِفْتَرَسَ)	مُفْتَرِسٌ-مُفْتَرِسٌ، ةٌ 	
(فَا. مِن اِفْتَقَرَ)	مُفْتَقِرٌ-مُفْتَقِرٌ، ةٌ 	
(فا. من اقْتَبَسَ)	مُقْتَبِسٌ-مُقْتَبِسٌ، ة 	
(فا. من اِقْتَحَمَ)	مُقْتَحِمٌ-مُقْتَحِمٌ، ةٌ 	
(فا. من اِقْتَرَحَ)	مُقْتَرِحٌ-مُقْتَرِحٌ، ةٌ 	
(فا. من اِقْتَرَضَ)	مُقْتَرِضٌ-مُقْتَرِضٌ، ةٌ 	
(فا. من اِقْتَرَعَ)	مُقْتَرِعٌ-مُقْتَرِعٌ، ةٌ 	
(فا. من اِقْتَرَفَ)	مُقْتَرِفٌ-مُقْتَرِفٌ، ةٌ 	
(فا. من اِقْتَرَنَ)	مُقْتَرِنٌ-مُقْتَرِنٌ، ةٌ 	
(فا. من اِقْتَصَدَ)	مُقْتَصِدٌ-مُقْتَصِدٌ، ةٌ 	
(فا. من اِقْتَلَعَ)	مُقْتَلِعٌ-مُقْتَلِعٌ، ةٌ 	
(فا. من اِقْتَنَى)	مُقْتَنِي-مُقْتَنِي، مُقْتَنٍ، ةٌ 	
(فا. من اِقْشَعَرَّ)	مُقْشَعِرٌّ-مُقْشَعِرٌّ، ةٌ 	
(فَا. من اِقْنَتَعَ)	مُقْتَنِعٌ-مُقْتَنِعٌ، ةٌ 	
(فا. من اِكْتَأَبَ)	مُكْتَئِبٌ-مُكْتَئِبٌ، ةٌ 	
(فا. من اِكْتَتَبَ)	مُكْتَتِبٌ-مُكْتَتِبٌ، ة 	
(فا. من اِكْتَرَثَ)	مُكْتَرِثٌ-مُكْتَرِثٌ، ةٌ 	
(فا. من اِكْتَسَحَ)	مُكْتَسِحٌ-مُكْتَسِحٌ، ة 	
(فا. من اِكْتَفَى)	مُكْتَفِي-مُكْتَفِي، مُكْتَفٍ، ةٌ 	
(فا. من اِكْتَمَلَ)	مُكْتَمِلٌ-مُكْتَمِلٌ، ةٌ 	
(فا. من اِكْتَنَزَ)	مُكْتَنِزٌ-مُكْتَنِزٌ، ةٌ 	
(فا. من اِكْفَهَرَّ)	مُكْفَهِرٌّ-مُكْفَهِرٌّ، ةٌ 	
(فا. من اِلْتَأَمَ)	مُلْتَئِمٌ-مُلْتَئِمٌ، ةٌ 	
(فا. من اِلْتَبَسَ)	مُلْتَبِسٌ-مُلْتَبِسٌ، ةٌ 	
(فا. من اِلْتَحَقَ)	مُلْتَحِقٌ-مُلْتَحِقٌ، ةٌ 	
(فا. من اِلْتَحَمَ)	مُلْتَحِمٌ-مُلْتَحِمٌ، ةٌ 	
(فا. من اِلْتَحَى)	مُلْتَحِي-مُلْتَحِي، مُلْتَحٍ، ة 	
(فا. من اِلْتَزَقَ)	مُلْتَزِقٌ-مُلْتَزِقٌ، ةٌ 	
(فا. من اِلْتَزَمَ)	مُلْتَزِمٌ-مُلْتَزِمٌ، ةٌ 	
(فا. من اِلْتَصَقَ)	مُلْتَصِقٌ-مُلْتَصِقٌ، ةٌ 	
(فا. مِن اِمتَازَ)	مُمْتَازٌ-مُمْتَازٌ، ةٌ 	
(فا. من اِمْتَحَنَ)	مُمْتَحِنٌ-مُمْتَحِنٌ، ةٌ 	
(فا. من اِمْتَقَعَ)	مُمْتَقِعٌ-مُمْتَقِعٌ، ةٌ 	
(فا. من اِمْتَلأَ)	مُمْتَلِئٌ-مُمْتَلِئٌ، ةٌ 	
(فا. من اِمْتَنَعَ)	مُمْتَنِعٌ-مُمْتَنِعٌ، ةٌ 	
(فا. من اِمْتَهَنَ)	مُمْتَهِنٌ-مُمْتَهِنٌ، ة 	
(فا. من اِنْبَتَّ)	مُنْبَتٌّ-مُنْبَتٌّ، ة 	
(فا. من اِنْبَثَّ)	مُنْبَثٌّ-مُنْبَثٌّ، ةٌ 	
(فا. من انبثق)	منبثقٌ-منبثقٌ، ة	
(فا. من اِنْبَسَطَ)	مُنْبَسِطٌ-مُنْبَسِطٌ، ةٌ 	
(فا. من اِنْبَطَحَ)	مُنْبَطِحٌ-مُنْبَطِحٌ، ةٌ 	
(فا. من اِنْتَبَهَ)	مُنْتَبِهٌ-مُنْتَبِهٌ، ةٌ 	
(فا. من اِنْتَحَبَ)	مُنْتَحِبٌ-مُنْتَحِبٌ، ةٌ 	
(فا. من اِنْتَحَرَ)	مُنْتَحِرٌ-مُنْتَحِرٌ، ةٌ 	
(فا. من اِنْتَحَلَ)	مُنْتَحِلٌ-مُنْتَحِلٌ، ةٌ 	
(فا. من اِنْتَخَبَ)	مُنْتَخِبٌ-مُنْتَخِبٌ، ةٌ 	
(فا. من اِنْتَسَبَ)	مُنْتَسِبٌ-مُنْتَسِبٌ، ةٌ 	
(فا. من اِنْتَصَبَ)	مُنْتَصِبٌ-مُنْتَصِبٌ، ةٌ 	
(فا. من اِنْتَصَرَ)	مُنْتَصِرٌ-مُنْتَصِرٌ، ةٌ 	
(فا. من اِنْتَظَمَ)	مُنْتَظِمٌ-مُنْتَظِمٌ، ةٌ 	
(فا. من اِنْتَعَشَ)	مُنْتَعِشٌ-مُنْتَعِشٌ، ةٌ 	
(فا. من اِنْتَفَخَ)	مُنْتَفِخٌ-مُنْتَفِخٌ، ةٌ 	
(فا. من اِنْتَفَشَ)	مُنْتَفِشٌ-مُنْتَفِشٌ، ةٌ 	
(فا. من اِنْتَفَعَ)	مُنْتَفِعٌ-مُنْتَفِعٌ، ةٌ 	
(فا. من اِنْتَقَدَ)	مُنْتَقِدٌ-مُنْتَقِدٌ، ةٌ 	
(فا. من اِنْتَقَلَ)	مُنْتَقِلٌ-مُنْتَقِلٌ، ةٌ 	
(فا. من اِنْتَقَمَ)	مُنْتَقِمٌ-مُنْتَقِمٌ، ةٌ 	
(فا. من اِنْتَقَى)	مُنْتَقِي-مُنْتَقِي، مُنْتَقٍ، ةٌ 	
(فا. من اِنْتَكَسَ)	مُنْتَكِسٌ-مُنْتَكِسٌ، ةٌ 	
(فا. من اِنْتَمَى)	مُنْتَمِي-مُنْتَمِي، مُنْتَمٍ، ةٌ 	
(فا. من اِنْتَهَكَ)	مُنْتَهِكٌ-مُنْتَهِكٌ، ةٌ 	
(فا. من اِنْتَهَى)	مُنْتَهِي-مُنْتَهِي، مُنْتَهٍ، ةٌ 	
(فا. من اِنْجَذَبَ)	مُنْجَذِبٌ-مُنْجَذِبٌ، ةٌ 	
(فا. من اِنْجَلَى)	مُنْجَلِي-مُنْجَلِي، مُنْجَلٍ، ةٌ 	
(فا. من اِنْحَدَرَ)	مُنْحَدِرٌ-مُنْحَدِرٌ، ةٌ 	
(فا. من اِنْحَرَفَ).	مُنْحَرِفٌ-مُنْحَرِفٌ، ةٌ 	
(فا. من اِنْحَصَرَ)	مُنْحَصِرٌ-مُنْحَصِرٌ، ةٌ 	
(فا. من اِنْحَلَّ)	مُنْحَلٌّ-مُنْحَلٌّ، ةٌ 	
(فا. من اِنْحَنَى)	مُنْحَنِي-مُنْحَنِي، مُنْحَنٍ، ةٌ 	
(فا. من اِنْخَفَضَ)	مُنْخَفِضٌ-مُنْخَفِضٌ، ةٌ 	
(فا. من اِنْدَفَعَ)	مُنْدَفِع-مُنْدَفِعٌ، ةٌ 	
(فا. من اِنْدَمَجَ)	مُنْدَمِجٌ-مُنْدَمِجٌ، ةٌ 	
(فا. من اِنْذَهَلَ)	مُنْذَهِلٌ-مُنْذَهِلٌ، ةٌ 	
(فا. من اِنْزَعَجَ)	مُنْزَعِجٌ-مُنْزَعِجٌ، ةٌ 	
(فا. من اِنْسَاقَ)	مُنْسَاقٌ-مُنْسَاقٌ، ة 	
(فا. من اِنْسَجَمَ)	مُنْسَجِمٌ-مُنْسَجِمٌ، ةٌ 	
(فا. من اِنْسَحَبَ)	مُنْسَحِبٌ-مُنْسَحِبٌ، ةٌ 	
(فا. من اِنْسَحَقَ)	مُنْسَحِقٌ-مُنْسَحِقٌ، ةٌ 	
(فا. من اِنْسَلَخَ)	مُنْسَلِخٌ-مُنْسَلِخٌ، ةٌ 	
(فا. من اِنْشَرَحَ)	مُنْشَرِحٌ-مُنْشَرِحٌ، ةٌ 	
(فا. من اِنْشَطَرَ)	مُنْشَطِرٌ-مُنْشَطِرٌ، ةٌ 	
(فا. من اِنْشَغَفَ)	مُنْشَغِفٌ-مُنْشَغِفٌ، ةٌ 	
(فا. من اِنْشَغَلَ)	مُنْشَغِلٌ-مُنْشَغِلٌ، ةٌ 	
(فا. من اِنْشَقَّ)	مُنْشَقٌّ-مُنْشَقٌّ، ةٌ 	
(فا. من اِنْصَرَفَ)	مُنْصَرِفٌ-مُنْصَرِفٌ، ةٌ 	
(فا. من اِنْصَرَمَ)	مُنْصَرِمٌ-مُنْصَرِمٌ، ةٌ 	
(فا. من اِنْضَوَى)	مُنْضَوِي-مُنْضَوٍ، مُنْضَوٍ، ‏ةٌ 	
(فا. من اِنْطَادَ)	مُنْطَادٌ-مُنْطَادٌ، ة 	
(فا. من اِنْطَلَقَ)	مُنْطَلِقٌ-مُنْطَلِقٌ، ة 	
(فا. من اِنْطَوَى)	مُنْطَوِي-مُنْطَوِي، مُنْطَوٍ، ةٌ 	
(فا. من اِنْعَدَمَ)	مُنْعَدِمٌ-مُنْعَدِمٌ، ةٌ 	
(فا. من اِنْعَرَجَ)	مُنْعَرِجٌ-مُنْعَرِجٌ، ةٌ 	
(فا. من اِنْعَزَلَ)	مُنْعَزِلٌ-مُنْعَزِلٌ، ة 	
(فا. من اِنْعَكَسَ)	مُنْعَكِسٌ-مُنْعَكِسٌ، ةٌ 	
(فا. من اِنْفَتَحَ)	مُنْفَتِحٌ-مُنْفَتِحٌ، ةٌ 	
(فا. من اِنْفَجَرَ)	مُنْفَجِرٌ-مُنْفَجِرٌ، ةٌ 	
(فا. من اِنْفَرَجَ)	مُنْفَرِجٌ-مُنْفَرِجٌ، ةٌ 	
(فا. من اِنْفَرَدَ)	مُنْفَرِدٌ-مُنْفَرِدٌ، ةٌ 	
(فا. من اِنْفَصَلَ)	مُنْفَصِلٌ-مُنْفَصِلٌ، ةٌ 	
(فا. من اِنْفَعَلَ)	مُنْفَعِلٌ-مُنْفَعِلٌ، ةٌ 	
(فا. من اِنْقَادَ)	مُنْقَادٌ-مُنْقَادٌ، ةٌ 	
(فا. من اِنْقَبَضَ)	مُنْقَبِضٌ-مُنْقَبِضٌ، ةٌ 	
(فا. من اِنْقَرَضَ)	مُنْقَرِضٌ-مُنْقَرِضٌ، ةٌ 	
(فا. من اِنْقَطَعَ)	مُنْقَطِعٌ-مُنْقَطِعٌ، ةٌ 	
(فا. من اِنْقَلَبَ)	مُنْقَلِبٌ-مُنْقَلِبٌ، ة 	
(فا. من اِنْكَمَشَ)	مُنْكَمِشٌ-مُنْكَمِشٌ، ةٌ 	
(فا. من اِنْهَارَ)	مُنْهَارٌ-مُنْهَارٌ، ةٌ 	
(فا. من اِنْهَزَمَ)	مُنْهَزِمٌ-مُنْهَزِمٌ، ةٌ 	
(فا. من اِنْهَمَرَ)	مُنْهَمِرٌ-مُنْهَمِرٌ، ةٌ 	
(فا. من اِنْهَمَكَ)	مُنْهَمِكٌ-مُنْهَمِكٌ، ةٌ 	
(فا. من اِهْتَاجَ)	مُهْتَاجٌ-مُهْتَاجٌ، ةٌ 	
(فا. من اِهْتَدَى)	مُهْتَدِي-مُهْتَدِي، مُهْتَدٍ، ةُ 	
(فا. من اهْتَرَأَ)	مُهْتَرِئٌ-مُهْتَرِئٌ، ةٌ 	
(فا. من اِهْتَزَّ)	مُهْتَزٌّ-مُهْتَزٌّ، ةٌ 	
(فا. من اِهْتَمَّ)	مُهْتَمٌّ-مُهْتَمٌّ، ةٌ 	
(فا. من بَئِسَ)	بَائِسٌ-بَائِسٌ، ةٌ 	
(فا. من بات)	بَائِتٌ-بَائِتٌ، ة 	
(فا. من باخ)	بَائِخٌ-بَائِخٌ، ة 	
(فا. من باد)	بَائِدٌ-بَائِدٌ، ة 	
(فا. من بادر)	مُبَادِرٌ-مُبَادِرٌ، ة	
(فا. من بَادَلَ)	مُبَادِلٌ-مُبَادِلٌ، ة	
(فا. من بار)	بَائِرٌ-بَائِرٌ، ةٌ 	
(فَا. مِنْ بَارَزَ)	مُبَارِزٌ-مُبَارِزٌ، ةٌ 	
(فا. من بَاشَرَ)	مُبَاشِرٌ-مُبَاشِرٌ، ةٌ 	
(فا. من باع)	بَائِعٌ-بَائِعٌ، ةٌ 	
(فا. من بَاغَتَ)	مُبَاغِتٌ-مُبَاغِتٌ، ة 	
(فا. من بان)	بَائِنٌ-بَائِنٌ، ةٌ 	
(فا. من بَتَّ)	باتٌّ-باتٌّ، ة 	
(فا. من بَتَرَ)	باتِرٌ-باتِرٌ، ة 	
(فَا. مِنْ بثّ)	بَاثٌّ-بَاثٌّ، ة	
(فا. من بجح)	بَجَّاحٌ-بَجَّاحٌ، ة	
(فا. من بحث)	بَاحِثٌ-بَاحِثٌ، ة	
(فا. من بخر)	مُبَخِّرٌ-مُبَخِّرٌ، ة	
(فا. من بدأ)	بادِئٌ-بادِئٌ، ة 	
(فا. من بَدَأَ)	مُبْدِئٌ-مُبْدِئٌ، ةٌ 	
(فا. من بَدا)	بادِي-بادِي، بادٍ، ةٌ 	
(فَا. مِن بدد)	مُبدِّدٌ-مُبدِّدٌ، ة	
(فا. من بدّل)	مُبَدِّلٌ-مُبَدِّلٌ، ة	
(فا. من بَدَنَ)	بَادِنٌ-بَادِنٌ، ةٌ 	
(فا. من بَذَخَ)	باذِخٌ-باذِخٌ، ةٌ 	
(فا. من بذر)	بَاذِرٌ-بَاذِرٌ، ة	
(فا. من بَذَّرَ)	مُبَذِّرٌ-مُبَذِّرٌ، ة	
(فا. من بذل)	باذِلٌ-باذِلٌ، ة	
(فا. من برأ)	بَارِئٌ-بَارِئٌ، ة 	
(فا. من بَرحَ)	بَارِحٌ-بَارِحٌ، ةٌ 	
(فا. من بَرَّحَ)	مُبَرِّحٌ-مُبَرِّحٌ، ة 	
(فا. من بَردَ)	بَارِدٌ-بَارِدٌ، ةٌ 	
(فا. من بَرَدَ)	مُبْرِدٌ-مُبْرِدٌ، ة 	
(فا. من بَرَّدَ)	مُبَرِّدٌ-مُبَرِّدٌ، ةٌ 	
(فا. من بَرَّرَ)	مُبَرِّرٌ-مُبَرِّرٌ، ةٌ 	
(فا. من بَرزَ)	بَارِزٌ-بَارِزٌ، ةٌ 	
(فا. من برع)	بَارِعٌ-بَارِعٌ، ةٌ 	
(فا. من بَرَقَ)	بَارِقٌ-بَارِقٌ، ةٌ 	
(فَا. مِنْ بَرْمَجَ)	مُبَرْمِجٌ-مُبَرْمِجٌ، ة 	
(فا. من بَرْهَنَ)	مُبَرْهِنٌ-مُبَرْهِنٌ، ةٌ 	
(فا. من بزغ)	بَازِغٌ-بَازِغٌ، ة 	
(فا. من بسط)	بَاسِطٌ-بَاسِطٌ، ةٌ 	
(فا. من بَسَّطَ)	مُبَسِّطٌ-مُبَسِّطٌ، ةٌ 	
(فا. من بَسَقَ)	بَاسِقٌ-بَاسِقٌ، ةٌ 	
(فا. من بسل)	بَاسِلٌ-بَاسِلٌ، ة 	
(فا. من بَسَمَ)	بَاسِمٌ-بَاسِمٌ، ةٌ 	
(فا. من بَشَّ)	باشٌّ-باشٌّ، ة 	
(فا. من بَشَّرَ)	مُبَشِّرٌ-مُبَشِّرٌ، ةٌ 	
(فا. من بَضع)	بَاضِعٌ-بَاضِعٌ، ة 	
(فا. من بطل)	بَاطِلٌ-بَاطِلٌ، ةٌ 	
(فا. من بطن)	باطِنٌ-باطِنٌ، ةٌ 	
(فا. من بَعَثَ)	بَاعِثٌ-بَاعِثٌ، ة 	
(فا. من بَغَى)	بَاغِي-بَاغِي، باغٍ، ةُ 	
(فا. من بَقِيَ)	باقِي-باقِي، باقٍ، ةٌ 	
(فا. من بكر)	باكِرٌ-باكِرٌ 	
(فا. من بَكَّرَ)	مُبَكِّرٌ-مُبَكِّرٌ، ةٌ 	
(فا. من بَلَّطَ)	مُبَلِّطٌ-مُبَلِّطٌ، ةٌ 	
(فا. من بَلَغَ)	بالِغٌ-بالِغٌ، ةٌ 	
(فَا. مِنْ بَلَّغَ)	مُبَلِّغٌ-مُبَلِّغٌ، ةٌ 	
(فا. من بَنَّجَ)	مُبَنِّجٌ-مُبَنِّجٌ، ة 	
(فا. من بَنَى)	بِانِي-بِانِي، بَانٍ، ةُ 	
(فا. من بَهَتَ)	باهِتٌ-باهِتٌ، ةٌ  	
(فَا. مِنْ بَيَّضَ)	مُبَيِّضٌ-مُبَيِّضٌ، ة 	
(فا. من تَآمَرَ)	مُتَآمِرٌ-مُتَآمِرٌ، ةٌ 	
(فَا. مِنْ تَأَبَّطَ)	مُتَأَبِّطٌ-مُتَأَبِّطٌ، ةٌ 	
(فا. من تَأَثَّرَ)	مُتَأَثِّرٌ-مُتَأَثِّرٌ، ةٌ 	
(فا. من تَأَجَّجَ)	مُتَأَجِّجٌ-مُتَأَجِّجٌ، ةٌ 	
(فا. من تَأَخَّرَ)	مُتَأَخِّرٌ-مُتَأَخِّرٌ، ةٌ 	
(فا. من تَأَدَّبَ)	مُتَأَدِّبٌ-مُتَأَدِّبٌ، ةٌ 	
(فَا. مِنْ تَأَرْجَحَ)	مُتَأَرْجِحٌ-مُتَأَرْجِحٌ، ةٌ 	
(فا. من تَأَسَّفَ)	مُتَأَسِّفٌ-مُتَأَسِّفٌ، ةٌ 	
(فَا. مِنْ تَأَصَّلَ)	مُتَأَصِّلٌ-مُتَأَصِّلٌ، ةٌ 	
(فَا. مِنْ تَأَكَّدَ)	مُتَأَكِّدٌ-مُتَأَكِّدٌ، ةٌ 	
(فا. من تَأَلَّقَ)	مُتَأَلِّقٌ-مُتَأَلِّقٌ، ةٌ 	
(فا. من تَأَمَّلَ)	مُتَأَمِّلٌ-مُتَأَمِّلٌ، ةٌ 	
(فا. من تَأَنَّقَ)	مُتَأَنِّقٌ-مُتَأَنِّقٌ، ةٌ 	
(فَا. مِنْ تَأَنَّى)	مُتَأَنِّي-مُتَأَنِّي، مُتَأَنٍّ، ةٌ 	
(فَا. مِنْ تَأَهَّبَ)	مُتَأَهِّبٌ-مُتَأَهِّبٌ، ةٌ 	
(فَا. مِنْ تَأَهَّلَ)	مُتَأَهِّلٌ-مُتَأَهِّلٌ، ةٌ 	
(فَا. مِنْ تَأَوَّهَ)	مُتَأَوِّهٌ-مُتَأَوِّهٌ، ةٌ 	
(فا. مِنْ تَابَ)	تَائِبٌ-تَائِبٌ، ةٌ 	
(فا. من تَابَعَ)	مُتَابِعٌ-مُتَابِعٌ، ةٌ 	
(فَا. مِنْ تَاجَرَ)	مُتَاجِرٌ-مُتَاجِرٌ، ةٌ 	
(فَا. مِنْ تَاخَمَ)	مُتَاخِمٌ-مُتَاخِمٌ، ةٌ 	
(فا. مِن تَاهَ)	تَائِهٌ-تَائِهٌ، ةٌ 	
(فا. من تَبَادَلَ)	مُتَبَادِلٌ-مُتَبَادِلٌ، ةٌ 	
(فا. من تَبَارَى)	مُتَبَارِي-مُتَبَارِي، مُتَبَارٍ، ةٌ 	
(فا. من تَبَاطَأَ)	مُتَبَاطِئٌ-مُتَبَاطِئٌ، ةٌ 	
(فا. من تَبَاعَدَ)	مُتَبَاعِدٌ-مُتَبَاعِدٌ، ةٌ 	
(فا. من تباكَى)	مُتَبَاكِي-مُتَبَاكِي، مُتَباكٍ، ةٌ 	
(فا. من تَبَاهَى)	مُتَبَاهِي-مُتَبَاهِي، مُتَبَاهٍ، ةٌ 	
(فَا. مِنْ تَبَتَّلَ)	مُتَبَتِّلٌ-مُتَبَتِّلٌ، ةٌ 	
(فا. من تَبَجَّحَ)	مُتَبَجِّحٌ-مُتَبَجِّحٌ، ةٌ 	
(فَا. مِنْ تَبَحَّرَ)	مُتَبَحِّرٌ-مُتَبَحِّرٌ، ةٌ 	
(فا. من تبختر)	مُتَبَخْتِرٌ-مُتَبَخْتِرٌ، ة	
(فا. من تبدلَ)	مُتَبَدِّلٌ-مُتَبَدِّلٌ، ة	
(فَا. مِنْ تَبَرَّعَ)	مُتَبَرِّعٌ-مُتَبَرِّعٌ، ةٌ 	
(فَا. مِنْ تَبَرَّمَ)	مُتَبَرِّمٌ-مُتَبَرِّمٌ، ةٌ 	
(فَا. مِنْ تَبَصَّرَ)	مُتَبَصِّرٌ-مُتَبَصِّرٌ، ةٌ 	
(فا. مِنْ تَبِعَ)	تَابِعٌ-تَابِعٌ، ةٌ 	
(فا. من تَبَقَّى)	مُتَبَقِّي-مُتَبَقِّي، مُتَبَقٍّ، ةٌ 	
(فَا. مِنْ تَبَلَّجَ)	مُتَبَلِّجٌ-مُتَبَلِّجٌ، ةٌ 	
(فا. من تَبَنَّى)	مُتَبَنِّي-مُتَبَنِّي، مُتَبَنٍّ، ةٌ 	
(فَا. مِنْ تَتَابَعَ)	مُتَتَابِعٌ-مُتَتَابِعٌ، ةٌ 	
(فا. من تَثَاقَلَ)	مُتَثَاقِلٌ-مُتَثَاقِلٌ، ةٌ 	
(فا. من تَجَانَسَ)	مُتَجَانِسٌ-مُتَجَانِسٌ، ةٌ 	
(فا. من تَجَاوَرَ)	مُتَجَاوِرٌ-مُتَجَاوِرٌ، ةٌ 	
(فَا. مِنْ تَجَاوَزَ)	مُتَجَاوِزٌ-مُتَجَاوِزٌ، ةٌ 	
(فَا. مِنْ تَجَدَّدَ)	مُتَجَدِّدٌ-مُتَجَدِّدٌ، ةٌ 	
(فا. مِنْ تَجَرَ)	تَاجِرٌ-تَاجِرٌ، ةٌ 	
(فا. من تَجَرَّدَ)	مُتَجَرِّدٌ-مُتَجَرِّدٌ، ةٌ 	
(فا. من تَجَسَّدَ)	مُتَجَسِّدٌ-مُتَجَسِّدٌ، ةٌ 	
(فَا. مِنْ تَجَعَّدَ)	مُتَجَعِّدٌ-مُتَجَعِّدٌ، ةٌ 	
(فَا. مِنْ تَجَلَّى)	مُتَجَلِّي-مُتَجَلِّي، مُتَجَلٍّ، ةٌ 	
(فَا. مِنْ تَجَمَّدَ)	مُتَجَمِّدٌ-مُتَجَمِّدٌ، ةٌ 	
(فَا. مِنْ تَجَمَّعَ)	مُتَجَمِّعٌ-مُتَجَمِّعٌ، ةٌ 	
(فَا. مِنْ تَجَنَّسَ)	مُتَجَنِّسٌ-مُتَجَنِّسٌ، ةٌ 	
(فَا. مِنْ تَجَهَّمَ)	مُتَجَهِّمٌ-مُتَجَهِّمٌ، ةٌ 	
(فا. من تَجَوَّلَ)	مُتَجَوِّلٌ-مُتَجَوِّلٌ، ةٌ 	
(فا. من تَحَالَفَ)	مُتَحَالِفٌ-مُتَحَالِفٌ، ةٌ 	
(فا. من تَحَجَّرَ)	مُتَحَجِّرٌ-مُتَحَجِّرٌ، ةٌ 	
(فَا. مِنْ تَحَدَّى)	مُتَحَدِّي-مُتَحَدِّي، مُتَحَدٍّ، ةٌ 	
(فَا. مِنْ تَحَذْلَقَ)	مُتَحَذْلِقٌ-مُتَحَذْلِقٌ، ةٌ 	
(فا. مِنْ تَحَرَّكَ)	مُتَحَرِّكٌ-مُتَحَرِّكٌ، ةٌ 	
(فا. من تَحَضَّرَ)	مُتَحَضِّرٌ-مُتَحَضِّرٌ، ةُ 	
(فا. من تَحَفَّزَ)	مُتَحَفِّزٌ-مُتَحَفِّزٌ، ةٌ 	
(فا. من تَحَفَّظَ)	مُتَحَفِّظٌ-مُتَحَفِّظٌ، ةٌ 	
(فا. من تَحَكَّمَ)	مُتَحَكِّمٌ-مُتَحَكِّمٌ، ةٌ 	
(فَا. مِنْ تَحَلَّى)	مُتَحَلِّي-مُتَحَلِّي، مُتَحَلٍّ، ةٌ 	
(فا. من تَحَمَّسَ)	مُتَحَمِّسٌ-مُتَحَمِّسٌ، ةٌ 	
(فَا. مِنْ تَحَيَّرَ)	مُتَحَيِّرٌ-مُتَحَيِّرٌ، ةٌ 	
(فَا. مِنْ تَحَيَّزَ)	مُتَحَيِّزٌ-مُتَحَيِّزٌ، ةٌ 	
(فا. من تَخَبَّطَ)	مُتَخَبِّطٌ-مُتَخَبِّطٌ، ةٌ 	
(فا. من تَخَرَّجَ)	مُتَخَرِّجٌ-مُتَخَرِّجٌ، ةٌ 	
(فَا. مِنْ تَخَشَّعَ)	مُتَخَشِّعٌ-مُتَخَشِّعٌ، ةٌ 	
(فَا. مِنْ تَخَصَّصَ)	مُتَخَصِّصٌ-مُتَخَصِّصٌ، ةٌ 	
(فَا. مِنْ تَدَاخَلَ)	مُتَدَاخِلٌ-مُتَدَاخِلٌ، ةٌ 	
(فا. من تَدَثَّرَ)	مُتَدَثِّرٌ-مُتَدَثِّرٌ، ةٌ 	
(فَا. مِنْ تَدَحْرَجَ)	مُتَدَحْرِجٌ-مُتَدَحْرِجٌ، ةٌ 	
(فَا. مِنْ تَدَفَّقَ)	مُتَدَفِّقٌ-مُتَدَفِّقٌ، ةٌ 	
(فَا. مِنْ تَدَلَّى)	مُتَدَلِّي-مُتَدَلِّي، مُتَدَلٍّ، ةٌ 	
(فَا. مِنْ تَدَيَّنَ)	مُتَدَيِّنٌ-مُتَدَيِّنٌ، ةٌ 	
(فَا. مِنْ تَذَبْذَبَ)	مُتَذَبْذِبٌ-مُتَذَبْذِبٌ، ةٌ 	
(فَا. مِنْ تَذَرَّعَ)	مُتَذَرِّعٌ-مُتَذَرِّعٌ، ةٌ 	
(فَا. مِنْ تَذَكَّرَ)	مُتَذَكِّرٌ-مُتَذَكِّرٌ، ةٌ 	
(فَا. مِنْ تَذَلَّلَ)	مُتَذَلِّلٌ-مُتَذَلِّلٌ، ةٌ 	
(فَا. مِنْ تَذَمَّرَ)	مُتَذَمِّرٌ-مُتَذَمِّرٌ، ةٌ 	
(فَا. مِنْ تَرَابَطَ)	مُتَرَابِطٌ-مُتَرَابِطٌ، ةٌ 	
(فَا. مِنْ تَرَاخَى)	مُتَرَاخِي-مُتَرَاخِي، مُتَرَاخٍ، ةٌ 	
(فَا. مِنْ تَرَادَفَ)	مُتَرَادِفٌ-مُتَرَادِفٌ، ةٌ 	
(فَا. مِنْ تَرَاصَّ)	مُتَرَاصٌّ-مُتَرَاصٌّ، ةٌ 	
(فَا. مِنْ تَرَامَى)	مُتَرَامِي-مُتَرَامِي، مُتَرَامٍ، ةٌ 	
(فا. من تَرَبَّصَ)	مُتَرَبِّصٌ-مُتَرَبِّصٌ، ةٌ 	
(فَا. مِنْ تَرَبَّعَ)	مُتَرَبِّعٌ-مُتَرَبِّعٌ، ةٌ 	
(فَا. مِنْ تَرْجَمَ)	مُتَرْجِمٌ-مُتَرْجِمٌ، ةٌ 	
(فَا. مِنْ تَرَدَّدَ)	مُتَرَدِّدٌ-مُتَرَدِّدٌ، ةٌ 	
(فَا. مِنْ تَرَسَّبَ)	مُتَرَسِّبٌ-مُتَرَسِّبٌ، ةٌ 	
(فا. من تَرَشَّحَ)	مُتَرَشِّحٌ-مُتَرَشِّحٌ، ة 	
(فَا. مِنْ تَرَصَّدَ)	مُتَرَصِّدٌ-مُتَرَصِّدٌ، ةٌ 	
(فَا. مِنْ تَرَفَّعَ)	مُتَرَفِّعٌ-مُتَرَفِّعٌ، ةٌ 	
(فَا. مِنْ تَرَقْرَقَ)	مُتَرَقْرِقٌ-مُتَرَقْرِقٌ، ةٌ 	
(فَا. مِنْ تَرَنَّحَ)	مُتَرَنِّحٌ-مُتَرَنِّحٌ، ةٌ 	
(فَا. مِنْ تَرَهَّلَ)	مُتَرَهِّلٌ-مُتَرَهِّلٌ، ةٌ 	
(فا. من تَزَايَدَ)	مُتَزَايِدٌ-مُتَزَايِدٌ، ةٌ 	
(فَا. مِنْ تَزَحْلَقَ)	مُتَزَحْلِقٌ-مُتَزَحْلِقٌ، ةٌ 	
(فَا. مِنْ تَزَعْزَعَ)	مُتَزَعْزِعٌ-مُتَزَعْزِعٌ، ةٌ 	
(فَا. مِنْ تَزَلَّجَ)	مُتَزَلِّجٌ-مُتَزَلِّجٌ، ةٌ 	
(فَا. مِنْ تَزَلَّفَ)	مُتَزَلِّفٌ-مُتَزَلِّفٌ، ةٌ 	
(فَا. مِنْ تَزَمَّتَ)	مُتَزَمِّتٌ-مُتَزَمِّتٌ، ةٌ 	
(فَا. مِنْ تَزَهَّدَ)	مُتَزَهِّدٌ-مُتَزَهِّدٌ، ةٌ 	
(فَا. مِنْ تَزَوَّجَ)	مُتَزَوِّجٌ-مُتَزَوِّجٌ، ةٌ 	
(فَا. مِنْ تَزَيَّنَ)	مُتَزَيِّنٌ-مُتَزَيِّنٌ، ةٌ 	
(فَا. مِنْ تَسَارَعَ)	مُتَسَارِعٌ-مُتَسَارِعٌ، ةٌ 	
(فَا. مِنْ تَسَاقَطَ)	مُتَسَاقِطٌ-مُتَسَاقِطٌ، ةٌ 	
(فَا. مِنْ تَسَامَحَ)	مُتَسَامِحٌ-مُتَسَامِحٌ، ةٌ 	
(فَا. مِنْ تَسَاهَلَ)	مُتَسَاهِلٌ-مُتَسَاهِلٌ، ةٌ 	
(فَا. مِنْ تَسَاوَى)	مُتَسَاوِي-مُتَسَاوِي، مُتَسَاوٍ، ةٌ 	
(فَا. مِنْ تَسَبَّبَ)	مُتَسَبِّبٌ-مُتَسَبِّبٌ، ةٌ 	
(فَا. مِنْ تَسَرْبَلَ)	مُتَسَرْبِلٌ-مُتَسَرْبِلٌ، ةٌ 	
(فَا. مِنْ تَسَرَّعَ)	مُتَسَرِّعٌ-مُتَسَرِّعٌ، ةٌ 	
(فا. مِنْ تَسَعَ)	تَاسِعٌ-تَاسِعٌ، ةٌ 	
(فَا. مِنْ تَسَكَّعَ)	مُتَسَكِّعٌ-مُتَسَكِّعٌ، ةٌ 	
(فَا. مِنْ تَسَلْسَلَ)	مُتَسَلْسِلٌ-مُتَسَلْسِلٌ، ةٌ 	
(فَا. مِنْ تَسَلَّطَ)	مُتَسَلِّطٌ-مُتَسَلِّطٌ، ةٌ 	
(فَا. مِنْ تَسَلَّقَ)	مُتَسَلِّقٌ-مُتَسَلِّقٌ، ةٌ 	
(فَا. مِنْ تَسَمَّرَ)	مُتَسَمِّرٌ-مُتَسَمِّرٌ، ةٌ 	
(فَا. مِنْ تَسَوَّلَ)	مُتَسَوِّلٌ-مُتَسَوِّلٌ، ةٌ 	
(فَا. مِنْ تَشَاءمَ)	مُتَشَائِمٌ-مُتَشَائِمٌ، ةٌ 	
(فَا. مِنْ تَشَابَهَ)	مُتَشَابِهٌ-مُتَشَابِهٌ، ةٌ 	
(فَا. مِنْ تَشَامَخَ)	مُتَشَامِخٌ-مُتَشَامِخٌ، ةٌ 	
(فَا. مِنْ تَشَبَّثَ)	مُتَشَبِّثٌ-مُتَشَبِّثٌ، ةٌ 	
(فَا. مِنْ تَشَدَّدَ)	مُتَشَدِّدٌ-مُتَشَدِّدٌ، ةٌ 	
(فَا. مِنْ تَشَدَّقَ)	مُتَشَدِّقٌ-مُتَشَدِّقٌ، ةٌ 	
(فَا. مِنْ تَشَرَّدَ)	مُتَشَرِّدٌ-مُتَشَرِّدٌ، ةٌ 	
(فَا. مِنْ تَشَعَّبَ)	مُتَشَعِّبٌ-مُتَشَعِّبٌ، ةٌ 	
(فَا. مِنْ تَشَنَّجَ)	مُتَشَنِّجٌ-مُتَشَنِّجٌ، ةٌ 	
(فَا. مِنْ تَشَوَّقَ)	مُتَشَوِّقٌ-مُتَشَوِّقٌ، ةٌ 	
(فَا. مِنْ تَصَبَّبَ)	مُتَصَبِّبٌ-مُتَصَبِّبٌ، ةٌ 	
(فَا. مِنْ تَصَدَّعَ)	مُتَصَدِّعٌ-مُتَصَدِّعٌ، ةٌ 	
(فَا. مِنْ تَصَرَّفَ)	مُتَصَرِّفٌ-مُتَصَرِّفٌ، ةٌ 	
(فَا. مِنْ تَصَلَّبَ)	مُتَصَلِّبٌ-مُتَصَلِّبٌ، ةٌ 	
(فَا. مِنْ تَصَنَّعَ)	مُتَصَنِّعٌ-مُتَصَنِّعٌ، ةٌ 	
(فَا. مِنْ تَضَارَبَ)	مُتَضَارِبٌ-مُتَضَارِبٌ، ةٌ 	
(فَا. مِنْ تَضَافَرَ)	مُتَضَافِرٌ-مُتَضَافِرٌ، ةٌ 	
(فَا. مِنْ تَضَامَنَ)	مُتَضَامِنٌ-مُتَضَامِنٌ، ةٌ 	
(فَا. مِنْ تَضَايَقَ)	مُتَضَايِقٌ-مُتَضَايِقٌ، ةٌ 	
(فَا. مِنْ تَضَرَّرَ)	مُتَضَرِّرٌ-مُتَضَرِّرٌ، ةٌ 	
(فَا. مِنْ تَضَلَّعَ)	مُتَضَلِّعٌ-مُتَضَلِّعٌ، ةٌ 	
(فَا. مِنْ تَطَابَقَ)	مُتَطَابِقٌ-مُتَطَابِقٌ، ةٌ 	
(فَا. مِنْ تَطَاوَلَ)	مُتَطَاوِلٌ-مُتَطَاوِلٌ، ةٌ 	
(فَا. مِنْ تَطَبَّبَ)	مُتَطَبِّبٌ-مُتَطَبِّبٌ، ةٌ 	
(فَا. مِنْ تَطَرَّفَ)	مُتَطَرِّفٌ-مُتَطَرِّفٌ، ةٌ 	
(فا. من تَطَفَّلَ)	مُتَطَفِّلٌ-مُتَطَفِّلٌ، ةٌ 	
(فَا. مِنْ تَطَلَّعَ)	مُتَطَلِّعٌ-مُتَطَلِّعٌ، ةٌ 	
(فَا. مِنْ تَطَوَّرَ)	مُتَطَوِّرٌ-مُتَطَوِّرٌ، ةٌ 	
(فَا. مِنْ تَطَوَّعَ)	مُتَطَوِّعٌ-مُتَطَوِّعٌ، ةٌ 	
(فا. من تَطَيَّرَ)	مُتَطَيِّرٌ-مُتَطَيِّرٌ، ةٌ 	
(فا. من تَظَاهَرَ)	مُتَظَاهِرٌ-مُتَظَاهِرٌ، ةٌ 	
(فَا. مِنْ تَعَاطَفَ)	مُتَعَاطِفٌ-مُتَعَاطِفٌ، ةٌ 	
(فَا. مِنْ تَعَاظَمَ)	مُتَعَاظِمٌ-مُتَعَاظِمٌ، ةٌ 	
(فَا. مِنْ تَعَاقَبَ)	مُتَعَاقِبٌ-مُتَعَاقِبٌ، ةٌ 	
(فَا. مِنْ تَعَاقَدَ)	مُتَعَاقِدٌ-مُتَعَاقِدٌ، ةٌ 	
(فَا. مِن تَعَالَى)	مُتَعَالِي-مُتَعَالِي، مُتَعَالٍ، ةٌ 	
(فَا. مِنْ تَعَاوَنَ)	مُتَعَاوِنٌ-مُتَعَاوِنٌ، ةٌ 	
(فَا. مِنْ تَعَبَّدَ)	مُتَعَبِّدٌ-مُتَعَبِّدٌ، ةٌ 	
(فَا. مِنْ تَعَجْرَفَ)	مُتَعَجْرِفٌ-مُتَعَجْرِفٌ، ةٌ 	
(فَا. مِنْ تَعَدَّدَ)	مُتَعَدِّدٌ-مُتَعَدِّدٌ، ةٌ 	
(فا. من تَعَدَّى)	مُتَعَدِّي-مُتَعَدِّي، مُتَعَدٍّ، ةٌ 	
(فَا. مِنْ تَعَذَّرَ)	مُتَعَذِّرٌ-مُتَعَذِّرٌ، ةٌ 	
(فَا. مِنْ تَعَرَّجَ)	مُتَعَرِّجٌ-مُتَعَرِّجٌ، ةٌ 	
(فَا. مِنْ تَعَصَّبَ)	مُتَعَصِّبٌ-مُتَعَصِّبٌ، ةٌ 	
(فَا. مِنْ تَعَطَّشَ)	مُتَعَطِّشٌ-مُتَعَطِّشٌ، ةٌ 	
(فَا. مِنْ تَعَفَّفَ)	مُتَعَفِّفٌ-مُتَعَفِّفٌ، ةٌ 	
(فَا. مِنْ تَعَفَّنَ)	مُتَعَفِّنٌ-مُتَعَفِّنٌ، ةٌ 	
(فَا. مِنْ تَعَقَّبَ)	مُتَعَقِّبٌ-مُتَعَقِّبٌ، ةٌ 	
(فَا. مِنْ تَعَقَّلَ)	مُتَعَقِّلٌ-مُتَعَقِّلٌ، ةٌ 	
(فَا. مِنْ تَعَلَّقَ)	مُتَعَلِّقٌ-مُتَعَلِّقٌ، ةٌ 	
(فا. من تَعَلَّمَ)	مُتَعَلِّمٌ-مُتَعَلِّمٌ، ةٌ 	
(فَا. مِنْ تَعَمَّدَ)	مُتَعَمِّدٌ-مُتَعَمِّدٌ، ةٌ 	
(فَا. مِنْ تَعَنَّتَ)	مُتَعَنِّتٌ-مُتَعَنِّتٌ، ةٌ 	
(فَا. مِنْ تَعَهَّدَ)	مُتَعَهِّدٌ-مُتَعَهِّدٌ، ةٌ 	
(فَا. مِنْ تَعَيَّشَ)	مُتَعَيِّشٌ-مُتَعَيِّشٌ، ةٌ 	
(فَا. مِنْ تَغَضَّنَ)	مُتَغَضِّنٌ-مُتَغَضِّنٌ، ة 	
(فا. من تَغَطْرَسَ)	مُتَغَطْرِسٌ-مُتَغَطْرِسٌ، ةٌ 	
(فَا. مِنْ تَغَيَّبَ)	مُتَغَيِّبٌ-مُتَغَيِّبٌ، ةٌ 	
(فَا. مِنْ تَغَيَّرَ)	مُتَغَيِّرٌ-مُتَغَيِّرٌ، ةٌ 	
(فَا. مِنْ تَفَاءَلَ)	مُتَفَائِلٌ-مُتَفَائِلٌ، ةٌ 	
(فَا. مِنْ تَفَتَّتَ)	مُتَفَتِّتٌ-مُتَفَتِّتٌ، ةٌ 	
(فَا. مِنْ تَفَتَّحَ)	مُتَفَتِّحٌ-مُتَفَتِّحٌ، ةٌ 	
(فَا. مِنْ تَفَجَّرَ)	مُتَفَجِّرٌ-مُتَفَجِّرٌ، ةٌ 	
(فَا. مِنْ تَفَحَّصَ)	مُتَفَحِّصٌ-مُتَفَحِّصٌ، ةٌ 	
(فَا. مِنْ تَفَرَّجَ)	مُتَفَرِّجٌ-مُتَفَرِّجٌ، ةٌ 	
(فَا. مِنْ تَفَرَّعَ)	مُتَفَرِّعٌ-مُتَفَرِّعٌ، ةٌ 	
(فَا. مِنْ تَفَرَّغَ)	مُتَفَرِّغٌ-مُتَفَرِّغٌ، ةٌ 	
(فَا. مِنْ تَفَرَّقَ)	مُتَفَرِّقٌ-مُتَفَرِّقٌ، ةٌ 	
(فَا. مِنْ تَفَسَّخَ)	مُتَفَسِّخٌ-مُتَفَسِّخٌ، ةٌ 	
(فا. من تَفَشَّى)	مُتَفَشِّي-مُتَفَشِّي، مُتَفَشٍّ، ةٌ 	
(فَا. مِنْ تَفَكَّكَ)	مُتَفَكِّكٌ-مُتَفَكِّكٌ، ةٌ 	
(فَا. مِنْ تَفَنَّنَ)	مُتَفَنِّنٌ-مُتَفَنِّنٌ، ةٌ 	
(فَا. مِنْ تَفَوَّقَ)	مُتَفَوِّقٌ-مُتَفَوِّقٌ، ةٌ 	
(فَا. مِنْ تَقَابَلَ)	مُتَقَابِلٌ-مُتَقَابِلٌ، ةٌ 	
(فَا. مِنْ تَقَارَبَ)	مُتَقَارِبٌ-مُتَقَارِبٌ، ةٌ 	
(فَا. مِنْ تَقَاطَعَ)	مُتَقَاطِعٌ-مُتَقَاطِعٌ، ةٌ 	
(فَا. مِنْ تَقَاعَدَ)	مُتَقَاعِدٌ-مُتَقَاعِدٌ، ةٌ 	
(فَا. مِنْ تَقَاعَسَ)	مُتَقَاعِسٌ-مُتَقَاعِسٌ، ةٌ 	
(فَا. مِنْ تَقَبَّلَ)	مُتَقَبِّلٌ-مُتَقَبِّلٌ، ةٌ 	
(فَا. مِنْ تَقَدَّمَ)	مُتَقَدِّمٌ-مُتَقَدِّمٌ، ةٌ 	
(فَا. مِنْ تَقَزَّزَ)	مُتَقَزِّزٌ-مُتَقَزِّزٌ، ة 	
(فَا. مِنْ تَقَشَّفَ)	مُتَقَشِّفٌ-مُتَقَشِّفٌ، ةٌ 	
(فَا. مِنْ تَقَطَّعَ)	مُتَقَطِّعٌ-مُتَقَطِّعٌ، ةٌ 	
(فَا. مِنْ تَقَلَّبَ)	مُتَقَلِّبٌ-مُتَقَلِّبٌ، ةٌ 	
(فَا. مِنْ تَقَلَّصَ)	مُتَقَلِّصٌ-مُتَقَلِّصٌ، ةٌ 	
(فَا. مِنْ تَقَيَّحَ)	مُتَقَيِّحٌ-مُتَقَيِّحٌ، ةٌ 	
(فَا. مِنْ تَكَاثَرَ)	مُتَكَاثِرٌ-مُتَكَاثِرٌ، ةٌ 	
(فَا. مِنْ تَكَافَأَ)	مُتَكَافِئ-مُتَكَافِئ، ةٌ 	
(فَا. مِنْ تَكَبَّرَ)	مُتَكَبِّرٌ-مُتَكَبِّرٌ، ةٌ 	
(فَا. مِنْ تَكَتَّمَ)	مُتَكَتِّمٌ-مُتَكَتِّمٌ، ةٌ 	
(فَا. مِنْ تَكَرَّرَ)	مُتَكَرِّرٌ-مُتَكَرِّرٌ، ةٌ 	
(فَا. مِنْ تَكَلَّفَ)	مُتَكَلِّفٌ-مُتَكَلِّفٌ، ةٌ 	
(فَا. مِنْ تَكَلَّمَ)	مُتَكَلِّمٌ-مُتَكَلِّمٌ، ةٌ 	
(فَا. مِنْ تَكَهَّنَ)	مُتَكَهِّنٌ-مُتَكَهِّنٌ، ةٌ 	
(فَا. مِنْ تَكَوَّنَ)	مُتَكَوِّنٌ-مُتَكَوِّنٌ، ةٌ 	
(فَا. مِنْ تَلَأْلَأَ)	مُتَلَأْلِئٌ-مُتَلَأْلِئٌ، ةٌ 	
(فا. من تلا)	تَالِي-تَالِي، تَالٍ، ةٌ 	
(فَا. مِنْ تَلاَءمَ)	مُتَلاَئِمٌ-مُتَلاَئِمٌ، ةٌ 	
(فَا. مِنْ تَلاَحَقَ)	مُتَلاَحِقٌ-مُتَلاَحِقٌ، ةٌ 	
(فَا. مِنْ تَلاَحَمَ)	مُتَلاَحِمٌ-مُتَلاَحِمٌ، ةٌ 	
(فَا. مِنْ تَلاَزَمَ)	مُتَلاَزِمٌ-مُتَلاَزِمٌ، ةٌ 	
(فَا. مِنْ تَلاَصَقَ)	مُتَلاَصِقٌ-مُتَلاَصِقٌ، ةٌ 	
(فَا. مِنْ تَلاَمَعَ)	مُتَلاَمِعٌ-مُتَلاَمِعٌ، ة 	
(فَا. مِنْ تَلَبَّسَ)	مُتَلَبِّسٌ-مُتَلَبِّسٌ، ةٌ 	
(فَا. مِنْ تَلَفَّعَ)	مُتَلَفِّعٌ-مُتَلَفِّعٌ، ةٌ 	
(فَا. مِنْ تَلَقَّى)	مُتَلَقِّي-مُتَلَقِّي، مُتَلَقٍّ، ةٌ 	
(فَا. مِنْ تَلَمَّسَ)	مُتَلَمِّسٌ-مُتَلَمِّسٌ، ةٌ 	
(فَا. مِنْ تَلَهَّفَ)	مُتَلَهِّفٌ-مُتَلَهِّفٌ، ةٌ 	
(فَا. مِنْ تَلَوَّنَ)	مُتَلَوِّنٌ-مُتَلَوِّنٌ، ةٌ 	
(فَا. مِنْ تَلَوَّى)	مُتَلَوِّي-مُتَلَوِّي، مُتَلَوٍّ، ةٌ 	
(فا. من تَمَّ)	تَامٌّ-تَامٌّ، ةٌ 	
(فَا. مِنْ تَمَاثَلَ)	مُتَمَاثِلٌ-مُتَمَاثِلٌ، ةٌ 	
(فَا. مِنْ تَمَادَى)	مُتَمَادِي-مُتَمَادِي، مُتَمَادٍ، ةٌ 	
(فَا. مِنْ تَمَارَضَ)	مُتَمَارِضٌ-مُتَمَارِضٌ، ةٌ 	
(فَا. مِنْ تَمَاسَكَ)	مُتَمَاسِكٌ-مُتَمَاسِكٌ، ةٌ 	
(فا. من تَمَاوَتَ)	مُتَمَاوِتٌ-مُتَمَاوِتٌ، ة 	
(فَا. مِنْ تَمَايَلَ)	مُتَمَايِلٌ-مُتَمَايِلٌ، ةٌ 	
(فَا. مِنْ تَمَتْرَسَ)	مُتَمَتْرِسٌ-مُتَمَتْرِسٌ، ةٌ 	
(فَا. مِنْ تَمَتَّعَ)	مُتَمَتِّعٌ-مُتَمَتِّعٌ، ةٌ 	
(فَا. مِنْ تَمْتَمَ)	مُتَمْتِمٌ-مُتَمْتِمٌ، ةٌ 	
(فَا. مِنْ تَمَثَّلَ)	مُتَمَثِّلٌ-مُتَمَثِّلٌ، ةٌ 	
(فَا. مِنْ تَمَدَّنَ)	مُتَمَدِّنٌ-مُتَمَدِّنٌ، ةٌ 	
(فَا. مِنْ تَمَرَّدَ)	مُتَمَرِّدٌ-مُتَمَرِّدٌ، ةٌ 	
(فَا. مِنْ تَمَرَّسَ)	مُتَمَرِّسٌ-مُتَمَرِّسٌ، ةٌ 	
(فَا. مِنْ تَمَرَّغَ)	مُتَمَرِّغٌ-مُتَمَرِّغٌ، ةٌ 	
(فَا. مِنْ تَمَرَّنَ)	مُتَمَرِّنٌ-مُتَمَرِّنٌ، ةٌ 	
(فا. من تَمَكَّنَ)	مُتَمَكِّنٌ-مُتَمَكِّنٌ، ةٌ 	
(فَا. مِنْ تَمَلَّقَ)	مُتَمَلِّقٌ-مُتَمَلِّقٌ، ةٌ 	
(فَا. مِنْ تَمَّمَ)	مُتَمِّمٌ-مُتَمِّمٌ، ةٌ 	
(فا. من تَمَنَّى)	مُتَمَنِّي-مُتَمَنِّي، مُتَمَنٍّ، ةٌ 	
(فَا. مِنْ تَمَهَّلَ)	مُتَمَهِّلٌ-مُتَمَهِّلٌ، ةٌ 	
(فَا. مِنْ تَمَيَّزَ)	مُتَمَيِّزٌ-مُتَمَيِّزٌ، ةٌ 	
(فا. من تَنَاثَرَ)	مُتَنَاثِرٌ-مُتَنَاثِرٌ، ةٌ 	
(فا. من تَنَاسَبَ)	مُتَنَاسِبٌ-مُتَنَاسِبٌ، ةٌ 	
(فا. من تَنَاسَقَ)	مُتَنَاسِقٌ-مُتَنَاسِقٌ، ةٌ 	
(فَا. مِنْ تَنَاصَفَ)	مُتَنَاصِفٌ-مُتَنَاصِفٌ، ةٌ 	
(فَا. مِنْ تَنَاعَمَ)	مُتَنَاعِمٌ-مُتَنَاعِمٌ، ة 	
(فا. من تَنَاغَمَ)	مُتَنَاغِمٌ-مُتَنَاغِمٌ، ةٌ 	
(فا. من تَنَافَرَ)	مُتَنَافِرٌ-مُتَنَافِرٌ، ةٌ 	
(فا. من تَنَاقَضَ)	مُتَنَاقِضٌ-مُتَنَاقِضٌ، ةٌ 	
(فَا. مِنْ تَنَبَّهَ)	مُتَنَبِّهٌ-مُتَنَبِّهٌ، ةٌ 	
(فَا. مِنْ تَنَزَّهَ)	مُتَنَزِّهٌ-مُتَنَزِّهٌ، ةٌ 	
(فَا. مِنْ تَنَعَّمَ)	مُتَنَعِّمٌ-مُتَنَعِّمٌ، ةٌ 	
(فَا. مِنْ تَنَفَّسَ)	مُتَنَفِّسٌ-مُتَنَفِّسٌ، ةٌ 	
(فا. من تَنَقَّلَ)	مُتَنَقِّلٌ-مُتَنَقِّلٌ، ةٌ 	
(فَا. مِنْ تَنَكَّرَ)	مُتَنَكِّرٌ-مُتَنَكِّرٌ، ةٌ 	
(فَا. مِنْ تَنَمَّرَ)	مُتَنَمِّرٌ-مُتَنَمِّرٌ، ةٌ 	
(فَا. مِنْ تَنَوَّعَ)	مُتَنَوِّعٌ-مُتَنَوِّعٌ، ةٌ 	
(فَا. مِنْ تَهَامَسَ)	مُتَهَامِسٌ-مُتَهَامِسٌ، ةٌ 	
(فَا. مِنْ تَهَاوَنَ)	مُتَهَاوِنٌ-مُتَهَاوِنٌ، ةٌ 	
(فَا. مِنْ تَهَتَّكَ)	مُتَهَتِّكٌ-مُتَهَتِّكٌ، ةٌ 	
(فَا. مِنْ تَهَجَّدَ)	مُتَهَجِّدٌ-مُتَهَجِّدٌ، ةٌ 	
(فَا. مِنْ تَهَدَّجَ)	مُتَهَدِّجٌ-مُتَهَدِّجٌ، ةٌ 	
(فَا. مِنْ تَهَدَّمَ)	مُتَهَدِّمٌ-مُتَهَدِّمٌ، ةٌ 	
(فَا. مِنْ تَهَذَّبَ)	مُتَهَذِّبٌ-مُتَهَذِّبٌ، ةٌ 	
(فَا. مِنْ تَهَكَّمَ)	مُتَهَكِّمٌ-مُتَهَكِّمٌ، ةٌ 	
(فَا. مِنْ تَهَلَّلَ)	مُتَهَلِّلٌ-مُتَهَلِّلٌ، ةٌ 	
(فَا. مِنْ تَهَوَّرَ)	مُتَهَوِّرٌ-مُتَهَوِّرٌ، ةٌ 	
(فَا. مِنْ تَهَيَّبَ)	مُتَهَيِّبٌ-مُتَهَيِّبٌ، ةٌ 	
(فَا. مِنْ تَوَاتَرَ)	مُتَوَاتِرٌ-مُتَوَاتِرٌ، ةٌ 	
(فَا. مِنْ تَوَارَى)	مُتَوَارِي-مُتَوَارِي، مُتَوَارٍ، ةٌ 	
(فَا. مِنْ تَوَازَنَ)	مُتَوَازِنٌ-مُتَوَازِنٌ، ةٌ 	
(فَا. مِنْ تَوَازَى)	مُتَوَازِي-مُتَوَازِي، مُتَوَازٍ، ةٌ 	
(فَا. مِنْ تَوَاصَلَ)	مُتَوَاصِلٌ-مُتَوَاصِلٌ، ةٌ 	
(فَا. مِنْ تَوَاضَعَ)	مُتَوَاضِعٌ-مُتَوَاضِعٌ، ةٌ 	
(فَا. مِنْ تَوَاطَأَ)	مُتَوَاطِئٌ-مُتَوَاطِئٌ، ةٌ 	
(فَا. مِنْ تَوَافَرَ)	مُتَوَافِرٌ-مُتَوَافِرٌ، ةٌ 	
(فَا. مِنْ تَوَافَقَ)	مُتَوَافِقٌ-مُتَوَافِقٌ، ةٌ 	
(فَا. مِنْ تَوَالَى)	مُتَوَالِي-مُتَوَالِي، مُتَوَالٍ، ةٌ 	
(فَا. مِنْ تَوَانَى)	مُتَوَانِي-مُتَوَانِي، مُتَوَانٍ، ةٌ 	
(فَا. مِنْ تَوَتَّرَ)	مُتَوَتِّرٌ-مُتَوَتِّرٌ، ةٌ 	
(فَا. مِنْ تَوَحَّدَ)	مُتَوَحِّدٌ-مُتَوَحِّدٌ، ةٌ 	
(فَا. مِنْ تَوَحَّشَ)	مُتَوَحِّشٌ-مُتَوَحِّشٌ، ةٌ 	
(فَا. مِنْ تَوَرَّمَ)	مُتَوَرِّمٌ-مُتَوَرِّمٌ، ةٌ 	
(فَا. مِنْ تَوَسَّدَ)	مُتَوَسِّدٌ-مُتَوَسِّدٌ، ةٌ 	
(فَا. مِنْ تَوَسَّطَ)	مُتَوَسِّطٌ-مُتَوَسِّطٌ، ةٌ 	
(فَا. مِنْ تَوَسَّلَ)	مُتَوَسِّلٌ-مُتَوَسِّلٌ، ةٌ 	
(فَا. مِنْ تَوَطَّدَ)	مُتَوَطِّدٌ-مُتَوَطِّدٌ، ةٌ 	
(فَا. مِنْ تَوَظَّفَ)	مُتَوَظِّفٌ-مُتَوَظِّفٌ، ةٌ 	
(فَا. مِنْ تَوَعَّدَ)	مُتَوَعِّدٌ-مُتَوَعِّدٌ، ةٌ 	
(فَا. مِنْ تَوَعَّكَ)	مُتَوَعِّكٌ-مُتَوَعِّكٌ، ةٌ 	
(فَا. مِنْ تَوَفَّى)	مُتَوَفِّي-مُتَوَفِّي، مُتَوَفٍّ، ةٌ 	
(فا. مِنْ تَوَقَّدَ)	مُتَوَقِّدٌ-مُتَوَقِّدٌ، ةٌ 	
(فَا. مِنْ تَوَقَّعَ)	مُتَوَقِّعٌ-مُتَوَقِّعٌ، ةٌ 	
(فَا. مِنْ تَوَكَّأَ)	مُتَوَكِّئٌ-مُتَوَكِّئٌ، ةٌ 	
(فَا. مِنْ تَوَكَّلَ)	مُتَوَكِّلٌ-مُتَوَكِّلٌ، ةٌ 	
(فَا. مِنْ تَوَلَّدَ)	مُتَوَلِّدٌ-مُتَوَلِّدٌ، ةٌ 	
(فَا. مِنْ تَوَهَّجَ)	مُتَوَهِّجٌ-مُتَوَهِّجٌ، ةٌ 	
(فَا. مِنْ تَوَهَّمَ)	مُتَوَهِّمٌ-مُتَوَهِّمٌ، ةٌ 	
(فَا. مِنْ تَيَسَّرَ)	مُتَيَسِّرٌ-مُتَيَسِّرٌ، ةٌ 	
(فَا. مِنْ تَيَقَّظَ)	مُتَيَقِّظٌ-مُتَيَقِّظٌ، ةٌ 	
(فَا. مِنْ ثَابَرَ)	مُثَابِرٌ-مُثَابِرٌ، ةٌ 	
(فا. مِنْ ثَارَ)	ثَائِرٌ-ثَائِرٌ، ةٌ 	
(فا. مِنْ ثَبَتَ)	ثَابِتٌ-ثَابِتٌ، ةٌ 	
(فَا. مِنْ ثَبَّطَ)	مُثَبِّطٌ-مُثَبِّطٌ، ةٌ 	
(فا. من ثَقِبَ)	ثَاقِبٌ-ثَاقِبٌ، ةٌ 	
(فَا. مِنْ ثَقَّفَ)	مُثَقِّفٌ-مُثَقِّفٌ، ةٌ 	
(فَا. مِنْ ثَلَثَ)	ثَالِثٌ-ثَالِثٌ، ةٌ 	
(فَا. مِنْ ثَلَّجَ)	مُثَلِّجٌ-مُثَلِّجٌ، ةٌ 	
(فَا. مِنْ ثَمَرَ)	ثَامِرٌ-ثَامِرٌ، ةٌ 	
(فا. مِنْ ثَمَنَ)	ثَامِنٌ-ثَامِنٌ، ةٌ 	
(فَا. مِنْ ثَمَّنَ)	مُثَمِّنٌ-مُثَمِّنٌ، ةٌ 	
(فَا. مِن جَابَ)	جَائِبٌ-جَائِبٌ، ةُ 	
(فَا. مِن جَاحَ)	جَائِحٌ-جَائِحٌ، ة 	
(فَا. مِنْ جَادَلَ)	مُجَادِلٌ-مُجَادِلٌ، ةٌ 	
(فَا. من جَارَ)	جَائِرٌ-جَائِرٌ، ةٌ 	
(فَا. من جَازَ)	جَائِزٌ-جَائِزٌ، ةٌ 	
(فا. من جَازَفَ)	مُجَازِفٌ-مُجَازِفٌ، ةٌ 	
(فَا. مِن جَاعَ)	جَائِعٌ-جَائِعٌ، ةٌ 	
(فَا. مِنْ جَامَلَ)	مُجَامِلٌ-مُجَامِلٌ، ةٌ 	
(فَا. مِنْ جَانَبَ)	مُجَانِبٌ-مُجَانِبٌ، ةٌ 	
(فَا. مِنْ جَانَسَ)	مُجَانِسٌ-مُجَانِسٌ، ةٌ 	
(فا. من جَاهَدَ)	مُجَاهِدٌ-مُجَاهِدٌ، ةٌ 	
(فَا. مِنْ جَاوَرَ)	مُجَاوِرٌ-مُجَاوِرٌ، ةٌ 	
(فَا. من جَبَرَ)	جَابِرٌ-جَابِرٌ، ة 	
(فَا. مِنْ جَبَّرَ)	مُجَبِّرٌ-مُجَبِّرٌ، ةٌ 	
(فَا. من جَبَى)	جَابِي-جَابِي، جَابٍ، ة 	
(فَا. من جَثَا)	جَاثِي-جَاثِي، جَاثٍ، ةُ 	
(فَا. من جَثَمَ)	جَاثِمٌ-جَاثِمٌ، ةٌ 	
(فَا. من جَحَدَ)	جَاحِدٌ-جَاحِدٌ، ةٌ 	
(فَا. مِن جَحَظَ)	جاَحِظٌ-جاَحِظٌ، ةٌ 	
(فَا. مِن جَدَّ)	جَادٌّ-جَادٌّ، ة 	
(فَا. مِنْ جَدَّ)	مُجِدٌّ-مُجِدٌّ، ةٌ 	
(فَا. مِنْ جَدَّدَ)	مُجَدِّدٌ-مُجَدِّدٌ، ةٌ 	
(فَا. مِن جَذَبَ)	جَاذِبٌ-جَاذِبٌ، ةٌ 	
(فَا. مِنْ جَرَّبَ)	مُجَرِّبٌ-مُجَرِّبٌ، ةٌ 	
(فَا. من جَرَحَ)	جَارِحٌ-جَارِحٌ، ةٌ 	
(فَا. من جَرَفَ)	جَارِفٌ-جَارِفٌ، ةٌ 	
(فَا. من جَرَى)	جَارِي-جَارِي، جَارٍ، ة 	
(فَا. ‎من جَزَمَ)	جَازِمٌ-جَازِمٌ، ةٌ 	
(فَا. من جَسَرَ)	جَاسِرٌ-جَاسِرٌ، ةٌ 	
(فَا. من جَفَّ)	جَافٌّ-جَافٌّ، ةٌ 	
(فَا. من جَفَا)	جَافِي-جَافِي، جَافٍ، ةُ 	
(فَا. من جَفَلَ)	جَافِلٌ-جَافِلٌ، ةٌ 	
(فَا. مِنْ جَلْجَلَ)	مُجَلْجِلٌ-مُجَلْجِلٌ، ةٌ 	
(فَا. مِنْ جَلَّدَ)	مُجَلِّدٌ-مُجَلِّدٌ، ةٌ 	
(فَا. من جَلَسَ)	جَالِسٌ-جَالِسٌ، ةٌ 	
(فَا. مِنْ جَلَّى)	مُجَلِّي-مُجَلِّي، مُجَلٍّ، ةٌ 	
(فَا. من جَمَحَ)	جَامِحٌ-جَامِحٌ، ة 	
(فَا. مِنْ جَمَّدَ)	مُجَمِّدٌ-مُجَمِّدٌ، ةٌ 	
(فا. من جَمَعَ)	جَامِعٌ-جَامِعٌ، ةٌ 	
(فَا. من جَنَّ)	جَانٌّ-جَانٌّ	
(فَا. مِنْ جَنَّبَ)	مُجَنِّبٌ-مُجَنِّبٌ، ة 	
(فا. من جَنَحَ)	جَانِحٌ-جَانِحٌ، ةٌ 	
(فا. من جَنَى)	جَانِي-جَانِي، جَانٍ، ةٌ 	
(فَا. من جَهَدَ)	جَاهِدٌ-جَاهِدٌ، ة 	
(فا. من جَهَّزَ)	مُجَهِّزٌ-مُجَهِّزٌ، ةٌ 	
(فَا. من جَهَزَ)	جَاهِزٌ-جَاهِزٌ، ةٌ 	
(فا. من جَهَلَ)	جَاهِلٌ-جَاهِلٌ، ةٌ 	
(فَا. مِنْ حَابَى)	مُحَابِي-مُحَابِي، مُحَابٍ، ةٌ 	
(فَا. مِنْ حَاذَى)	مُحَاذِي-مُحَاذِي، مُحَاذٍ، ةٌ 	
(فا. مِنْ حارَ)	حائِرٌ-حائِرٌ، ةٌ 	
(فَا. مِنْ حَارَبَ)	مُحَارِبٌ-مُحَارِبٌ، ةٌ 	
(فا. من حَازَ)	حائِزٌ-حائِزٌ، ةٌ 	
(فَا. مِنْ حَاسَبَ)	مُحَاسِبٌ-مُحَاسِبٌ، ةٌ 	
(فَا. مِنْ حَاصَرَ)	مُحَاصِرٌ-مُحَاصِرٌ، ةٌ 	
(فا. من حاضَ)	حائِضٌ-حائِضٌ 	
(فَا. مِنْ حَاضَرَ)	مُحَاضِرٌ-مُحَاضِرٌ، ةٌ 	
(فا. من حاطَ)	حائِطٌ-حائِطٌ 	
(فَا. مِنْ حَافَظَ)	مُحَافِظٌ-مُحَافِظٌ، ةٌ 	
(فا. من حاكَ)	حائِكٌ-حائِكٌ، ةٌ 	
(فَا. مِنْ حَاكَى)	مُحَاكِي-مُحَاكِي، مُحَاكٍ، ةٌ 	
(فا. من حالَ)	حائِلٌ-حائِلٌ، ةٌ 	
(فَا. مِنْ حَامَى)	مُحَامِي-مُحَامِي، مُحَامٍ، ةٌ 	
(فَا. مِنْ حَاوَرَ)	مُحَاوِرٌ-مُحَاوِرٌ، ةٌ 	
(فَا. مِنْ حَايَدَ)	مُحَايِدٌ-مُحَايِدٌ، ةٌ 	
(فا. مِنْ حَبَلَ)	حابِلٌ-حابِلٌ، ة 	
(فا. من حَجَبَ)	حاجِبٌ-حاجِبٌ، ة 	
(فا. مِنْ حَجَزَ)	حاجِزٌ-حاجِزٌ، ة 	
(فا. مِنْ حَدَّ)	حادٌّ-حادٌّ، ةٌ 	
(فَا. مِنْ حَدَّثَ)	مُحَدِّثٌ-مُحَدِّثٌ، ةٌ 	
(فَا. مِنْ حَدَّدَ)	مُحَدِّدٌ-مُحَدِّدٌ، ةٌ 	
(فا. مِنْ حَذَقَ)	حاذِقٌ-حاذِقٌ، ةٌ 	
(فا. مِنْ حَرَثَ)	حارِثٌ-حارِثٌ، ة 	
(فا. من حَرَّرَ)	مُتَحَرِّرٌ-مُتَحَرِّرٌ، ةٌ 	
(فَا. مِنْ حَرَّرَ)	مُحَرِّرٌ-مُحَرِّرٌ، ةٌ 	
(فا. مِنْ حَرَسَ)	حارِسٌ-حارِسٌ، ةٌ 	
(فَا. مِنْ حَرَّضَ)	مُحَرِّضٌ-مُحَرِّضٌ، ةٌ 	
(فا. من حَرَكَ)	حارِكٌ-حارِكٌ 	
(فَا. مِنْ حَرَّكَ)	مُحَرِّكٌ-مُحَرِّكٌ، ةٌ 	
(فا. مِن حَزَمَ)	حازِمٌ-حازِمٌ، ةٌ 	
(فا. مِنْ حَسَبَ)	حاسِبٌ-حاسِبٌ، ةٌ 	
(فا. مِنْ حَسَمَ)	حاسِمٌ-حاسِمٌ، ةٌ 	
(فا. مِن حَشَدَ)	حاشِدٌ-حاشِدٌ، ةٌ 	
(فا. من حَشَرَ)	حاشِرٌ-حاشِرٌ، ةٌ 	
(فَا. مِنْ حَشَّى)	مُحَشِّي-مُحَشِّي، مُحَشٍّ، ةٌ 	
(فا. من حَصَل)	حاصِلٌ-حاصِلٌ، ة 	
(فا. مِن حَضَرَ)	حاضِرٌ-حاضِرٌ، ةٌ 	
(فا. من حَضَنَ)	حاضِنٌ-حاضِنٌ، ةٌ 	
(فا. من حَطَبَ)	حاطِبٌ-حاطِبٌ، ةٌ 	
(فَا. مِنْ حَطَّمَ)	مُحَطِّمٌ-مُحَطِّمٌ، ةٌ 	
(فا. من حَفَّ)	حافٌّ-حافٌّ، ة 	
(فا. من حَفَزَ)	حافِزٌ-حافِزٌ، ةٌ 	
(فا. مِنْ حَفَلَ)	حافِلٌ-حافِلٌ، ةٌ 	
(فا. من حَفِيَ)	حافِي-حافِي، حافٍ، ةٌ 	
(فا. مِنْ حَقَدَ)	حاقِدٌ-حاقِدٌ، ةٌ 	
(فَا. مِنْ حَقَّقَ)	مُحَقِّقٌ-مُحَقِّقٌ، ةٌ 	
(فا. مِنْ حَكَمَ)	حاكِمٌ-حاكِمٌ، ةٌ 	
(فَا. مِنْ حَكَّمَ)	مُحَكِّمٌ-مُحَكِّمٌ، ةٌ 	
(فا. مِنْ حَكَى)	حاكِي-حاكِي، حاكٍ، ة 	
(فا. من حَلَبَ)	حالِبٌ-حالِبٌ، ةٌ 	
(فَا. مِنْ حَلَّقَ)	مُحَلِّقٌ-مُحَلِّقٌ، ةٌ 	
(فَا. مِنْ حَمَّسَ)	مُحَمِّسٌ-مُحَمِّسٌ، ةٌ 	
(فا. من حَمَضَ)	حامِضٌ-حامِضٌ، ة 	
(فا. مِنْ حَمَلَ)	حامِلٌ-حامِلٌ، ةٌ 	
(فَا. مِنْ حَمْلَقَ)	مُحَمْلِقٌ-مُحَمْلِقٌ، ةٌ 	
(فا. من حَمَى)	حامِي-حامِي، حامٍ، ةٌ 	
(فا. مِنْ حَوَى)	حاوِي-حاوِي، حاوٍ، ةٌ 	
(فَا. مِنْ حَيَّرَ)	مُحَيِّرٌ-مُحَيِّرٌ، ةٌ 	
(فا. مِنْ خَابَ)	خَائِبٌ-خَائِبٌ، ةٌ 	
(فَا. مِنْ خَاتَلَ)	مُخَاتِلٌ-مُخَاتِلٌ، ةٌ 	
(فَا. مِنْ خَادَعَ)	مُخَادِعٌ-مُخَادِعٌ، ةٌ 	
(فا. مِنْ خَارَ)	خَائِرٌ-خَائِرٌ، ةٌ 	
(فا. مِنْ خَاطَ)	خَائِطٌ-خَائِطٌ، ة 	
(فا. من خَاطَبَ)	مُخَاطِبٌ-مُخَاطِبٌ، ةٌ 	
(فَا. مِنْ خَاطَرَ)	مُخَاطِرٌ-مُخَاطِرٌ، ةٌ 	
(فا. مِنْ خَافَ)	خَائِفٌ-خَائِفٌ، ةٌ 	
(فَا. مِنْ خَالَفَ)	مُخَالِفٌ-مُخَالِفٌ، ةٌ 	
(فا. مِنْ خَانَ)	خَائِنٌ-خَائِنٌ، ةٌ 	
(فا. مِنْ خَبَطَ)	خَابِطٌ-خَابِطٌ، ةٌ 	
(فا. مِنْ خَبَلَ، خَبِلَ)	خَابِلٌ-خَابِلٌ، ة 	
(فا. مِنْ خَتَلَ)	خَاتِلٌ-خَاتِلٌ، ةٌ 	
(فا. مِنْ خَتَنَ)	خَاتِنٌ-خَاتِنٌ، ة 	
(فا. مِنْ خَثَرَ)	خَاثِرٌ-خَاثِرٌ، ةٌ 	
(فَا. مِنْ خَدَّرَ)	مُخَدِّرٌ-مُخَدِّرٌ، ةٌ 	
(فا. مِنْ خَدَعَ)	خَادِعٌ-خَادِعٌ، ةٌ 	
(فا. مِنْ خَدَمَ)	خَادِمٌ-خَادِمٌ، ةٌ 	
(فَا. مِنْ خَرَّبَ)	مُخَرِّبٌ-مُخَرِّبٌ، ةٌ 	
(فا. مِنْ خَرَجَ)	خَارِجٌ-خَارِجٌ، ةٌ 	
(فا. مِنْ خَرَقَ)	خَارِقٌ-خَارِقٌ، ةٌ 	
(فا. مِنْ خَزَنَ)	خَازِنٌ-خَازِنٌ، ة 	
(فا. مِنْ خَسَأَ)	خَاسِئٌ-خَاسِئٌ، ةٌ 	
(فا. مِنْ خَسِرَ)	خَاسِرٌ-خَاسِرٌ، ةٌ 	
(فا. مِنْ خَسَفَ)	خَاسِفٌ-خَاسِفٌ، ةٌ 	
(فا. مِنْ خَشَعَ)	خَاشِعٌ-خَاشِعٌ، ةٌ 	
(فا. مِنْ خَصَّبَ)	مُخْصِبٌ-مُخْصِبٌ	
(فا. مِنْ خَضَعَ)	خَاضِعٌ-خَاضِعٌ، ةٌ 	
(فا. مِنْ خَطَأَ)	خَاطِئٌ-خَاطِئٌ، ةٌ 	
(فا. مِنْ خَطَبَ)	خَاطِبٌ-خَاطِبٌ، ةٌ 	
(فَا. مِنْ خَطَّطَ)	مُخَطِّطٌ-مُخَطِّطٌ، ةٌ 	
(فا. من خَطَفَ)	خَاطِفٌ-خَاطِفٌ، ةٌ 	
(فا. من خَفَتَ)	خَافِتٌ-خَافِتٌ، ةٌ 	
(فا. مِنْ خَفَضَ)	خَافِضٌ-خَافِضٌ، ةٌ 	
(فَا. مِنْ خَفَّضَ)	مُخَفِّضٌ-مُخَفِّضٌ، ة 	
(فَا. مِنْ خَفَّفَ)	مُخَفِّفٌ-مُخَفِّفٌ، ةٌ 	
(فا. من خَفَقَ)	خَافِقٌ-خَافِقٌ، ةٌ 	
(فا. من خَفِيَ)	خَافِي-خَافِي، خافٍ، ةٌ 	
(فا. من خَلاَ)	خَالِي-خَالِي، خَالٍ، ةٌ 	
(فا. مِنْ خَلَجَ)	خَالِجٌ-خَالِجٌ 	
(فا. مِنْ خَلَدَ)	خَالِدٌ-خَالِدٌ، ةٌ 	
(فا. من خَلَصَ)	خَالِصٌ-خَالِصٌ، ةٌ 	
(فَا. مِنْ خَلَّصَ)	مُخَلِّصٌ-مُخَلِّصٌ، ةٌ 	
(فا. من خَلَقَ)	خَالِقٌ-خَالِقٌ، ة 	
(فا. مِنْ خَمَلَ)	خَامِلٌ-خَامِلٌ، ةٌ 	
(فَا. مِنْ خَمَّنَ)	مُخَمِّنٌ-مُخَمِّنٌ، ةٌ 	
(فا. من خَنَعَ)	خَانِعٌ-خَانِعٌ، ةٌ 	
(فَا. مِنْ خَوَّفَ)	مُخَوِّفٌ-مُخَوِّفٌ، ةٌ 	
(فا. من خَوِيَ)	خَاو-خَاوِي، خَاوٍ، ةٌ 	
(فا. مِنْ دَأبَ)	دَائِبٌ-دَائِبٌ، ةٌ 	
(فا. من دَاعبَ)	دَاعِبٌ-دَاعِبٌ، ة 	
(فَا. مِنْ دَاعَبَ)	مُدَاعِبٌ-مُدَاعِبٌ، ةٌ 	
(فَا. مِنْ دَافَعَ)	مُدَافِعٌ-مُدَافِعٌ، ةٌ 	
(فا. من دَامَ)	دَائِمٌ-دَائِمٌ، ةٌ 	
(فا. من دَانَ)	دَائِنٌ-دَائِنٌ، ة 	
(فَا. مِنْ دَاهَمَ)	مُدَاهِمٌ-مُدَاهِمٌ، ةٌ 	
(فَا. مِنْ دَاهَنَ)	مُدَاهِنٌ-مُدَاهِنٌ، ةٌ 	
(فَا. مِنْ دَاوَرَ)	مُدَاوِرٌ-مُدَاوِرٌ، ة 	
(فَا. مِنْ دَاوَمَ)	مُدَاوِمٌ-مُدَاوِمٌ، ةٌ 	
(فا. من دَبَرَ)	دَابِرٌ-دَابِرٌ، ةٌ 	
(فَا. مِنْ دَبَّرَ)	مُدَبِّرٌ-مُدَبِّرٌ، ةٌ 	
(فا. مِنْ دَثَرَ)	دَاثِرٌ-دَاثِرٌ، ة 	
(فا. من دَجَنَ)	دَاجِنٌ-دَاجِنٌ، ةٌ 	
(فا. من دَجَى)	دَاجِي-دَاجِي، دَاجٍ، ةٌ 	
(فا. من دَحِسَ)	دَاحِسٌ-دَاحِسٌ، ة 	
(فا. من دَخَلَ)	دَاخِلٌ-دَاخِلٌ، ةٌ 	
(فَا. مِنْ دَرَّبَ)	مُدَرِّبٌ-مُدَرِّبٌ، ة 	
(فا. من دَرَجَ)	دَارِجٌ-دَارِجٌ، ةٌ 	
(فا. من دَرَسَ)	دَارِسٌ-دَارِسٌ، ةٌ 	
(فَا. مِنْ دَرَّسَ)	مُدَرِّسٌ-مُدَرِّسٌ، ةٌ 	
(فا. من دَرَعَ)	دَارِعٌ-دَارِعٌ، ة 	
(فا. من دَرَكَ)	دَارِكٌ-دَارِكٌ 	
(فا. من دَعَا)	دَاعِي-دَاعِي، دَاعٍ، ةُ 	
(فا. من دَعَرَ)	دَاعِرٌ-دَاعِرٌ، ةٌ 	
(فا. من دَغَرَ)	دَاغِرٌ-دَاغِرٌ، ة 	
(فا. من دَفَعَ)	دَافِعٌ-دَافِعٌ، ةٌ 	
(فا. مِنْ دَفَقَ)	دَافِقٌ-دَافِقٌ، ةٌ 	
(فَا. مِنْ دَقَّقَ)	مُدَقِّقٌ-مُدَقِّقٌ، ةٌ 	
(فا. مِنْ دَكِنَ)	دَاكِنٌ-دَاكِنٌ، ةٌ 	
(فا. من دَلَفَ)	دَالِفٌ-دَالِفٌ، ة 	
(فَا. مِنْ دَلَّكَ)	مُدَلِّكٌ-مُدَلِّكٌ، ةٌ 	
(فا. مِنْ دَمَجَ)	دَامِجٌ-دَامِجٌ، ةٌ 	
(فَا. مِنْ دَمْدَمَ)	مُدَمْدِمٌ-مُدَمْدِمٌ، ةٌ 	
(فَا. مِنْ دَمَّرَ)	مُدَمِّرٌ-مُدَمِّرٌ، ةٌ 	
(فا. مِنْ دَمَسَ)	دَامِسٌ-دَامِسٌ، ةٌ 	
(فا. من دَمَغَ)	دَامِغٌ-دَامِغٌ، ةٌ 	
(فا. من دَمِيَ)	دَامِي-دَامِي، دَامٍ، ةٌ 	
(فا. من دَنَا)	دَانِي-دَانِي، دَانٍ، ةُ 	
(فَا. مِنْ دَنْدَنَ)	مُدَنْدِنٌ-مُدَنْدِنٌ، ةٌ 	
(فَا. مِنْ دَنَّسَ)	مُدَنِّسٌ-مُدَنِّسٌ، ةٌ 	
(فا. من دَهِيَ)	دَاهِي-دَاهِي، دَاهٍ، ةٌ 	
(فا. من دَوِيَ)	دَاوِي-دَاوِي، دَاوٍ، ةُ 	
(فا. مِنْ ذادَ)	ذائِدٌ-ذائِدٌ، ة	
(فَا. مِنْ ذاعَ)	ذائِعٌ-ذائِعٌ، ةٌ 	
(فا. من ذالَ)	ذائِلٌ-ذائِلٌ، ةٌ 	
(فا. من ذَبَلَ)	ذابِلٌ-ذابِلٌ، ةٌ 	
(فا. مِنْ ذَخَرَ)	ذاخِرٌ-ذاخِرٌ، ةٌ 	
(فا. مِنْ ذَعَرَ، ذَعِرَ)	ذاعِرٌ-ذاعِرٌ، ةٌ 	
(فا. مِنْ ذَكَرَ)	ذاكِرٌ-ذاكِرٌ، ةٌ 	
(فا. مِنْ ذَوَى)	ذاوِي-ذاوِي، ذَاوٍ، ة 	
(فا. مِنْ رَابَ)	رَائِبٌ-رَائِبٌ، ةٌ 	
(فا. من رَابَى)	مُرَابِي-مُرَابِي، مُرَابٍ، ةٌ 	
(فا. مِنْ رَاجَ)	رائِجٌ-رائِجٌ، ةٌ 	
(فا. مِنْ رَاحَ)	رَائِحٌ-رَائِحٌ، ةٌ 	
(فا. من رادَ)	رَائِدٌ-رَائِدٌ، ةٌ 	
(فَا. مِنْ رَادَفَ)	مُرَادِفٌ-مُرَادِفٌ، ةٌ 	
(فا. مِنْ رازَ)	رَائِزٌ-رَائِزٌ، ةٌ 	
(فَا. مِنْ رَاسَلَ)	مُرَاسِلٌ-مُرَاسِلٌ، ةٌ 	
(فا. مِنْ رَاعَ)	رَائِعٌ-رَائِعٌ، ةٌ 	
(فَا. مِنْ رَافَعَ)	مُرَافِعٌ-مُرَافِعٌ، ة 	
(فَا. مِنْ رَافَقَ)	مُرَافِقٌ-مُرَافِقٌ، ةٌ 	
(فا. مِنْ رَاقَ)	رَائِقٌ-رَائِقٌ، ةٌ 	
(فا. من رَاقَبَ)	مُرَاقِبٌ-مُرَاقِبٌ، ةٌ 	
(فَا. مِنْ رَاهَقَ)	مُرَاهِقٌ-مُرَاهِقٌ، ةٌ 	
(فا. مِنْ رَبِحَ)	رَابِحٌ-رَابِحٌ، ةٌ 	
(فا. من رَبَضَ)	رَابِضٌ-رَابِضٌ، ةٌ 	
(فا. مِنْ رَبَطَ)	رَابِطٌ-رَابِطٌ، ةٌ 	
(فا. مِنْ رتَبَ)	رَاتِبٌ-رَاتِبٌ 	
(فَا. مِنْ رَتَّبَ)	مُرَتِّبٌ-مُرَتِّبٌ، ةٌ 	
(فَا. مِنْ رَتَّلَ)	مُرَتِّلٌ-مُرَتِّلٌ، ةٌ 	
(فا. مِنْ رَجَحَ)	رَاجِحٌ-رَاجِحٌ، ةٌ 	
(فَا. مِن رَجَّحَ)	مُرَجِّحٌ-مُرَجِّحٌ، ةٌ 	
(فا. من رَجَزَ)	رَاجِزٌ-رَاجِزٌ، ة 	
(فَا. مِنْ رَجَع)	رَاجِعٌ-رَاجِعٌ، ةٌ 	
(فا. مِنْ رَجَفَ)	رَاجِفٌ-رَاجِفٌ، ةٌ 	
(فا. مِنْ رَجَلَ)	رَاجِلٌ-رَاجِلٌ، ةٌ 	
(فا. مِنْ رَحَلَ)	رَاحِلٌ-رَاحِلٌ، ةٌ 	
(فا. مِنْ رَحِمَ)	راحِمٌ-راحِمٌ، ةٌ 	
(فا. مِنْ رَخَا)	رَاخِي-رَاخِي، رَاخٍ، ة	
(فَا. مِنْ رَدَّدَ)	مُرَدِّدٌ-مُرَدِّدٌ، ةٌ 	
(فا. مِنْ رَدَعَ)	رَادِعٌ-رَادِعٌ، ة 	
(فا. مِنْ رسَبَ)	رَاسِبٌ-رَاسِبٌ، ةٌ 	
(فا. مِنْ رَسَخَ)	رَاسِخٌ-رَاسِخٌ، ةٌ 	
(فا. من رَسَمَ)	رَاسِمٌ-رَاسِمٌ، ةٌ 	
(فا. مِنْ رَشَا)	رَاشِي-رَاشِي، رَاشٍ، ة 	
(فا. مِنْ رَشَحَ)	رَاشِحٌ-رَاشِحٌ، ةٌ 	
(فَا. مِنْ رَشَّحَ)	مُرَشِّحٌ-مُرَشِّحٌ، ةٌ 	
(فا. مِنْ رَشَدَ، رَشِدَ)	رَاشِدٌ-رَاشِدٌ، ةٌ 	
(فا. مِنْ رَصَدَ)	رَاصِدٌ-رَاصِدٌ، ةٌ 	
(فا. مِنْ رَضَعَ)	رَاضِعٌ-رَاضِعٌ، ة 	
(فا. مِنْ رَضِيَ)	رَاضِي-رَاضِي، رَاضٍ، ةُ 	
(فا. من رَطَّبَ)	مُرَطِّبٌ-مُرَطِّبٌ، ة 	
(فا. مِن رَعَبَ)	رَاعِبٌ-رَاعِبٌ، ة 	
(فا. مِنْ رَعَفَ)	رَاعِفٌ-رَاعِفٌ، ة 	
(فا. مِنْ رَعَى)	رَاعِي-رَاعِي، رَاعٍ، ةُ 	
(فا. مِنْ رَغَدَ)	رَاغِدٌ-رَاغِدٌ، ةٌ 	
(فا. مِنْ رَفَدَ)	رَافِدٌ-رَافِدٌ، ةٌ 	
(فا. مِنْ رَفَضَ)	رَافِضٌ-رَافِضٌ، ةٌ 	
(فا. مِنْ رَفَعَ)	رَافِعٌ-رَافِعٌ، ةٌ 	
(فا. مِنْ رَفَقَ)	رَافِقٌ-رَافِقٌ، ةٌ 	
(فا. مِنْ رَفَهَ)	رَافِهٌ-رَافِهٌ، ة 	
(فا. مِنْ رَقدَ)	رَاقِدٌ-رَاقِدٌ، ةٌ 	
(فا. مِنْ رَقَصَ)	رَاقِصٌ-رَاقِصٌ، ةٌ 	
(فا. منْ رَقِيَ)	رَاقِي-رَاقِي، رَاقٍ، ةٌ 	
(فا. مِنْ رَكِبَ)	رَاكِبٌ-رَاكِبٌ، ةٌ 	
(فا. مِنْ رَكَدَ)	رَاكِدٌ-رَاكِدٌ، ة 	
(فا. مِنْ رَكَعَ)	رَاكِعٌ-رَاكِعٌ، ةٌ 	
(فا. مِنْ رَمَحَ)	رَامِحٌ-رَامِحٌ، ة 	
(فا. مِنْ رَمَقَ)	رَامِقٌ-رَامِقٌ، ةٌ 	
(فَا. مِنْ رَمَّمَ)	مُرَمِّمٌ-مُرَمِّمٌ، ةٌ 	
(فا. مِنْ رَمى)	رَامِي-رَامِي، رَامٍ، ةٌ 	
(فا. من رَهِبَ)	رَاهِبٌ-رَاهِبٌ، ةٌ 	
(فا. مِنْ رَهَنَ)	رَاهِنٌ-رَاهِنٌ، ةٌ 	
(فَا. مِنْ رَوَّجَ).	مُرَوِّجٌ-مُرَوِّجٌ، ةٌ 	
(فَا. مِنْ رَوَّحَ)	مُرَوِّحٌ-مُرَوِّحٌ، ةٌ 	
(فَا. مِنْ رَوَّضَ)	مُرَوِّضٌ-مُرَوِّضٌ، ة 	
(فا. مِنْ رَوَّعَ)	مُرَوِّعٌ-مُرَوِّعٌ، ةٌ 	
(فا. مِنْ رَوَى)	رَاوِي-رَاوِي، رَاوٍ، ةُ 	
(فَا. مِنْ زَاحَمَ)	مُزَاحِمٌ-مُزَاحِمٌ، ةٌ 	
(فا. مِنْ زادَ)	زائِدٌ-زائِدٌ، ةٌ 	
(فَا. مِنْ زَارَعَ)	مُزَارِعٌ-مُزَارِعٌ، ةٌ 	
(فا. مِنْ زاغَ)	زائِغٌ-زائِغٌ، ةٌ 	
(فا. مِنْ زافَ)	زائِفٌ-زائِفٌ، ةٌ 	
(فا. مِنْ زالَ)	زائِلٌ-زائِلٌ، ةٌ 	
(فَا. مِنْ زَامَنَ)	مُزَامِنٌ-مُزَامِنٌ، ةٌ 	
(فَا. مِنْ زَايَدَ)	مُزَايِدٌ-مُزَايِدٌ، ةٌ 	
(فا. مِنْ زَجَرَ)	زاجِرٌ-زاجِرٌ، ةٌ	
(فا. مِنْ زَجَلَ)	زاجِلٌ-زاجِلٌ، ة 	
(فا. مِنْ زَحَفَ)	زاحِفٌ-زاحِفٌ، ةٌ 	
(فا. مِنْ زَخَرَ)	زاخِرٌ-زاخِرٌ، ةٌ 	
(فا. مِنْ زَرَعَ)	زَارِعٌ-زَارِعٌ، ةٌ 	
(فا. مِنْ زَكَى)	زاكِي-زاكِي، زَاكٍ، ةٌ 	
(فَا. مِنْ زَمْجَرَ)	مُزَمْجِرٌ-مُزَمْجِرٌ، ةٌ 	
(فا. مِن زَمَرَ)	زَامِرٌ-زَامِرٌ، ةٌ 	
(فا. مِنْ زَنَى)	زانِي-زانِي، زَانٍ، ةٌ 	
(فا. مِنْ زَها)	زاهِي-زاهِي، زَاهٍ، ةٌ 	
(فا. مِنْ زَهَدَ)	زاهِدٌ-زاهِدٌ، ةٌ 	
(فا. مِنْ زَهَرَ)	زاهِرٌ-زاهِرٌ، ةٌ	
(فا. مِنْ زَهَقَ)	زاهِقٌ-زاهِقٌ، ةٌ	
(فَا. مِنْ زُهِيَ)	مَزْهُوٌّ-مَزْهُوٌّ، ةٌ 	
(فَا. مِنْ زَوَّدَ)	مُزَوِّدٌ-مُزَوِّدٌ، ةٌ 	
(فَا. مِنْ زَوَّرَ)	مُزَوِّرٌ-مُزَوِّرٌ، ةٌ 	
(فَا. مِنْ زَوَّقَ)	مُزَوِّقٌ-مُزَوِّقٌ، ةٌ 	
(فَا. مِنْ زَيَّفَ)	مُزَيِّفٌ-مُزَيِّفٌ، ةٌ 	
(فَا. مِنْ زَيَّنَ)	مُزَيِّنٌ-مُزَيِّنٌ، ةٌ 	
(فا. من سَألَ)	سَائِلٌ-سَائِلٌ، ةٌ 	
(فا. من سَابَ)	سَائِبٌ-سَائِبٌ، ةٌ 	
(فا. من سَاحَ)	سَائِحٌ-سَائِحٌ، ةٌ 	
(فا. من سَادَ)	سَائِدٌ-سَائِدٌ، ةٌ 	
(فا. من سَارَ)	سَائِرٌ-سَائِرٌ، ةٌ 	
(فا. من سَارَّ)	سَارٌّ-سَارٌّ، ة 	
(فا. من سَاسَ)	سَائِسٌ-سَائِسٌ، ة 	
(فَا. مِنْ سَاعَدَ)	مُسَاعِدٌ-مُسَاعِدٌ، ةٌ 	
(فَا. مِنْ سَاعَفَ)	مُسَاعِفٌ-مُسَاعِفٌ، ةٌ 	
(فا. من سَاغَ)	سَائِغٌ-سَائِغٌ، ةٌ 	
(فَا. مِنْ سَافَرَ)	مُسَافِرٌ-مُسَافِرٌ، ةٌ 	
(فا. من سَاقَ)	سَائِقٌ-سَائِقٌ، ةٌ 	
(فَا. مِنْ سَالَمَ)	مُسَالِمٌ-مُسَالِمٌ، ةٌ 	
(فَا. مِنْ سَامَرَ)	مُسَامِرٌ-مُسَامِرٌ، ةٌ 	
(فَا. مِنْ سَاهَمَ)	مُسَاهِمٌ-مُسَاهِمٌ، ةٌ 	
(فَا. مِنْ سَاوَى)	مُسَاوِي-مُسَاوِي، مُسَاوٍ، ةٌ 	
(فَا. مِنْ سَبَّبَ)	مُسَبِّبٌ-مُسَبِّبٌ، ةٌ 	
(فا. من سَبَحَ)	سَابِحٌ-سَابِحٌ، ةٌ 	
(فا. من سَجَدَ)	سَاجِدٌ-سَاجِدٌ، ةٌ 	
(فا. من سَجَعَ)	سَاجِعٌ-سَاجِعٌ، ةٌ 	
(فَا. مِن سَجَّلَ)	مُسَجِّلٌ-مُسَجِّلٌ، ةٌ 	
(فا. من سَجَى)	سَاجِي-سَاجِي، سَاجٍ، ةٌ 	
(فا. من سَحَرَ)	سَاحِرٌ-سَاحِرٌ، ةٌ 	
(فا. من سَحَقَ)	سَاحِقٌ-سَاحِقٌ، ةٌ 	
(فَا. مِن سَخَّرَ)	مُسَخِّرٌ-مُسَخِّرٌ، ةٌ 	
(فا. من سَخَطَ)	سَاخِطٌ-سَاخِطٌ، ةٌ 	
(فا. من سَخَنَ)	سَاخِنٌ-سَاخِنٌ، ةٌ 	
(فَا. مِن سَخَّنَ)	مُسَخِّنٌ-مُسَخِّنٌ، ةٌ 	
(فَا. مِن سَدَّدَ)	مُسَدِّدٌ-مُسَدِّدٌ، ةٌ 	
(فا. من سَدِرَ)	سَادِرٌ-سَادِرٌ، ةٌ 	
(فا. مِن سَرَبَ)	سَارِبٌ-سَارِبٌ، ةٌ 	
(فا. من سَرَحَ)	سَارِحٌ-سَارِحٌ، ةٌ 	
(فا. من سَرَقَ)	سَارِقٌ-سَارِقٌ، ة 	
(فا. من سَطَعَ)	سَاطِعٌ-سَاطِعٌ، ةٌ 	
(فا. مِن سَعَّرَ)	مُسَعِّرٌ-مُسَعِّرٌ، ةٌ 	
(فا. من سَعى)	سَاعِي-سَاعِي، سَاعٍ، ةٌ 	
(فا. من سَفَحَ)	سَافِحٌ-سَافِحٌ، ةٌ 	
(فا. من سَفَرَ)	سَافِرٌ-سَافِرٌ، ةٌ 	
(فَا. مِن سَفْسَفَ)	مُسَفْسِفٌ-مُسَفْسِفٌ، ةٌ 	
(فا. من سَفَلَ)	سَافِلٌ-سَافِلٌ، ةٌ 	
(فا. من سَفَهَ)	سَافِهٌ-سَافِهٌ، ةٌ 	
(فا. من سَقَطَ)	سَاقِطٌ-سَاقِطٌ، ةٌ 	
(فا. من سَقَى)	سَاقِي-سَاقِي، سَاقٍ، ةٌ 	
(فا. من سَكَبَ). 	سَاكِبٌ-سَاكِبٌ، ةٌ 	
(فا. من سَكَتَ)	سَاكِتٌ-سَاكِتٌ، ة 	
(فا. من سَكَرَ)	سَاكِرٌ-سَاكِرٌ، ةٌ 	
(فا. من سَكِفَ)	سَاكِفٌ-سَاكِفٌ 	
(فا. من سَكَنَ)	سَاكِنٌ-سَاكِنٌ، ةٌ 	
(فا. من سَلَبَ)	سَالِبٌ-سَالِبٌ، ةٌ 	
(فا. من سَلَفَ)	سَالِفٌ-سَالِفٌ، ةٌ 	
(فا. من سَلَكَ)	سَالِكٌ-سَالِكٌ، ةٌ 	
(فا. من سَلَمَ)	سَالِمٌ-سَالِمٌ، ةٌ 	
(فَا. مِن سَلَّى)	مُسَلِّي-مُسَلِّي، مُسَلٍّ، ةٌ 	
(فا. من سَمَدَ)	سَامِدٌ-سَامِدٌ، ةٌ 	
(فا. من سَمَرَ)	سَامِرٌ-سَامِرٌ، ةٌ 	
(فا. من سَمِعَ)	سَامِعٌ-سَامِعٌ، ةٌ 	
(فا. من سَمَقَ)	سَامِقٌ-سَامِقٌ، ةٌ 	
(فا. من سَمِنَ)	سَامِنٌ-سَامِنٌ، ةٌ 	
(فا. من سَمَّنَ)	مُسَمِّنٌ-مُسَمٍِنٌ، ةٌ 	
(فا. من سَمَى)	سَامِي-سَامِي، سَامٍ، ةٌ 	
(فا. من سَنَحَ)	سَانِحٌ-سَانِحٌ، ةٌ 	
(فا. مِنْ سَهَا)	سَاهِي-سَاهِي، سَاهٍ، ةٌ 	
(فَا. مِن سَهَّلَ)	مُسَهِّلٌ-مُسَهِّلٌ، ةٌ 	
(فا. من سَهَمَ)	سَاهِمٌ-سَاهِمٌ، ةٌ 	
(فا. مِن سَوَّغَ)	مُسَوِّغٌ-مُسَوِّغٌ، ةٌ 	
(فَا. مِن سَوَّفَ)	مُسَوِّفٌ-مُسَوِّفٌ، ةٌ 	
(فَا. مِن سَيَّرَ)	مُسَيِّرٌ-مُسَيِّرٌ، ةٌ 	
(فَا. مِن سَيْطَرَ)	مُسَيْطِرٌ-مُسَيْطِرٌ، ةٌ 	
(فا. مِن سَيَّلَ)	مُسَيِّلٌ-مُسَيِّلٌ، ةٌ 	
(فا. من شَأمَ)	شَائِمٌ-شَائِمٌ، ةٌ 	
(فا. من شابَ)	شَائِبٌ-شَائِبٌ، ةٌ 	
(فَا. مِن شَابَهَ)	مُشَابِهٌ-مُشَابِهٌ، ةٌ 	
(فا. من شَاجَرَ)	مُشَاجِرٌ-مُشَاجِرٌ، ةٌ 	
(فا. مِنْ شَاحَنَ)	مُشَاحِنٌ-مُشَاحِنٌ، ةٌ 	
(فا. من شَارَكَ)	مُشَارِكٌ-مُشَارِكٌ، ةٌ 	
(فا. من شاطَ)	شَائِطٌ-شَائِطٌ، ةٌ 	
(فا. من شَاعَ)	شَائِعٌ-شَائِعٌ، ةٌ 	
(فَا. مِن شَاغَبَ)	مُشَاغِبٌ-مُشَاغِبٌ، ةٌ 	
(فا. من شَاقَ)	شَائِقٌ-شَائِقٌ، ةٌ 	
(فا. من شَاكَ)	شَائِكٌ-شَائِكٌ، ةٌ 	
(فَا. مِن شَاكَسَ)	مُشَاكِسٌ-مُشَاكِسٌ، ةٌ 	
(فا. من شانَ)	شَائِنٌ-شَائِنٌ، ةٌ 	
(فَا. مِنْ شَاهَدَ)	مُشَاهِدٌ-مُشَاهِدٌ، ةٌ 	
(فَا. مِن شَاوَرَ)	مُشَاوِرٌ-مُشَاوِرٌ، ةٌ 	
(فَا. مِن شَايَعَ)	مُشَايِعٌ-مُشَايِعٌ، ة 	
(فا. من شَبَّ)	شَابٌّ-شَابٌّ، ةٌ 	
(فا. من شَبَكَ)	شَابِكٌ-شَابِكٌ 	
(فا. من شَتَا)	شَاتِي-شَاتِي، شَاتٍ، ةٌ 	
(فَا. مِن شَجَّعَ)	مُشَجِّعٌ-مُشَجِّعٌ، ةٌ 	
(فا. من شَجَنَ)	شَاجِنٌ-شَاجِنٌ، ةٌ 	
(فا. من شَحَبَ)	شَاحِبٌ-شَاحِبٌ، ةٌ 	
(فا. من شَحَمَ)	شَاحِمٌ-شَاحِمٌ، ةٌ 	
(فا. من شَحُنَ)	شَاحِنٌ-شَاحِنٌ، ةٌ 	
(فا. من شَخَصَ)	شَاخِصٌ-شَاخِصٌ، ةٌ 	
(فَا. مِن شَدَّدَ)	مُشَدِّدٌ-مُشَدِّدٌ، ةٌ 	
(فَا. مِن شَذَّبَ)	مُشَذِّبٌ-مُشَذِّبٌ، ة 	
(فا. من شَرِبَ)	شَارِبٌ-شَارِبٌ، ة 	
(فا. من شَرَحَ)	شَارِحٌ-شَارِحٌ، ةٌ 	
(فا. من شرَخَ)	شَارِخٌ-شَارِخٌ، ة 	
(فا. من شَرَدَ)	شَارِدٌ-شَارِدٌ، ةٌ 	
(فا. من شَرَع)	شَارِعٌ-شَارِعٌ، ة 	
(فَا. مِن شَرَّعَ)	مُشَرِّعٌ-مُشَرِّعٌ، ة 	
(فا. من شَرُفَ)	شارِفٌ-شارِفٌ، ةٌ 	
(فا. من شَرَى)	شَارِي-شَارِي، شَارٍ، ةٌ 	
(فا. من شسَعَ)	شَاسِعٌ-شَاسِعٌ، ةٌ 	
(فا. مِنْ شَطَرَ)	شَاطِرٌ-شَاطِرٌ، ة 	
(فا. من شَعَرَ)	شَاعِر-شَاعِرٌ، ةٌ 	
(فَا. مِن شَعْوَذَ)	مُشَعْوِذٌ-مُشَعْوِذٌ، ةٌ 	
(فا. من شَغَبَ)	شَاغِبٌ-شَاغِبٌ، ة 	
(فا. مِنْ شَغَرَ)	شَاغِرٌ-شَاغِرٌ، ةٌ 	
(فا. مِنْ شَفَعَ)	شَافِعٌ-شَافِعٌ، ة 	
(فا. من شَفَى)	شَافِي-شَافِي، شَافٍ، ةٌ 	
(فا. من شَقَّ)	شَاقٌّ-شَاقٌّ، ةٌ 	
(فَا. مِنْ شَكَرَ)	شَاكِرٌ-شَاكِرٌ، ةٌ 	
(فا. من شَكَلَ)	شَاكِلٌ-شَاكِلٌ، ةٌ 	
(فا. مِنْ شَكى)	شَاكِي-شَاكِي، شَاكٍ، ةٌ 	
(فا. من شَمَتَ)	شَامِتٌ-شَامِتٌ، ةٌ 	
(فا. من شَمَخَ)	شَامِخٌ-شَامِخٌ، ةٌ 	
(فا. من شَمُسَ)	شَامِسٌ-شَامِسٌ، ةٌ 	
(فا. من شَمَلَ)	شَامِلٌ-شَامِلٌ، ةٌ 	
(فَا. مِنْ شَنَّعَ). 	مُشَنِّعٌ-مُشَنِّعٌ، ةٌ 	
(فَا. مِنْ شَهَدَ)	شَاهِدٌ-شَاهِدٌ، ةٌ 	
(فا. من شَهَرَ)	شَاهِرٌ-شَاهِرٌ، ةٌ 	
(فا. من شَهَقَ)	شَاهِقٌ-شَاهِقٌ، ةٌ 	
(فَا. مِن شَوَّشَ)	مُشَوِّشٌ-مُشَوِّشٌ، ةٌ 	
(فَا. مِن شَوَّقَ)	مُشَوِّقٌ-مُشَوِّقٌ، ةٌ 	
(فَا. مِن شَيَّدَ)	مُشَيِّدٌ-مُشَيِّدٌ، ةٌ 	
(فَا. مِن شَيَّعَ)	مُشَيِّعٌ-مُشَيِّعٌ، ةٌ 	
(فا. من صَابَ)	صَائِب-صَائِبٌ، ةٌ 	
(فا. من صَاحَ)	صَائِحٌ-صَائِحٌ، ةٌ 	
(فَا. مِن صَاحَبَ)	مُصَاحِبٌ-مُصَاحِبٌ، ةٌ 	
(فا. من صَادَ)	صَائِدٌ-صَائِدٌ، ةٌ 	
(فا. من صَارَ)	صَائِرٌ-صَائِرٌ، ةٌ 	
(فَا. مِن صَارَعَ)	مُصَارِعٌ-مُصَارِعٌ، ةٌ 	
(فا. من صَاغَ)	صَائِغٌ-صَائِغٌ، ة 	
(فَا. مِن صَالَحَ)	مُصَالِحٌ-مُصَالِحٌ، ةٌ 	
(فا. من صَامَ)	صَائِمٌ-صَائِمٌ، ةٌ 	
(فا. من صَبَأَ)	صَابِئٌ-صَابِئٌ، ةٌ 	
(فا. من صَبَرَ)	صَابِرٌ-صَابِرٌ، ةٌ 	
(فا. من صَبِيَ)	صَابِي-صَابِي، صَابٍ، ةٌ 	
(فا. من صَحَا)	صَاحِي-صَاحِي، صَاحٍ، ةٌ 	
(فا. من صَحِبَ)	صَاحِبٌ-صَاحِبٌ، ةٌ 	
(فَا. مِن صَحَّحَ)	مُصَحِّحٌ-مُصَحِّحٌ، ةٌ 	
(فَا. مِن صَحَّفَ)	مُصَحِّفٌ-مُصَحِّفٌ، ةٌ 	
(فَا. مِن صَحَّفَ)	مُصَحَّفٌ-مُصَحَّفٌ، ةٌ 	
(فا. من صَخِبَ)	صَاخِبٌ-صَاخِبٌ، ةٌ 	
(فا. من صَخَرَ)	صَاخِرٌ-صَاخِرٌ	
(فا. من صَدَّ)	صَادٌّ-صَادٌّ 	
(فا. من صَدَحَ)	صَادِحٌ-صَادِحٌ، ةٌ 	
(فا. من صَدَرَ)	صَادِرٌ-صَادِرٌ، ةٌ 	
(فَا. مِن صَدَرَ)	مُصَدِّرٌ-مُصَدِّرٌ، ةٌ 	
(فا. من صَدَقَ)	صَادِقٌ-صَادِقٌ، ةٌ 	
(فا. من صَدِيَ)	صَاد-صَادِي، صَادٍ، ةٌ 	
(فَا. مِن صَرَّحَ )	مُصَرِّحٌ-مُصَرِّحٌ، ةٌ 	
(فا. من صَرَخَ)	صَارِخٌ-صَارِخٌ، ةٌ 	
(فَا. مِنْ صَرَّفَ)	مُصَرِّفٌ-مُصَرِّفٌ، ةٌ 	
(فا. من صَرَمَ)	صَارِمٌ-صَارِمٌ، ةٌ 	
(فا. من صَعِدَ)	صَاعِدٌ-صَاعِدٌ، ةٌ 	
(فا. من صَغُرَ)	صَاغِرٌ-صَاغِرٌ، ةٌ 	
(فا. من صَفَا)	صَافِي-صَافِي، صَافٍ، ةٌ 	
(فَا. مِن صَفَّقَ )	مُصَفِّقٌ-مُصَفِّقٌ، ةٌ 	
(فَا. مِن صَفَّى)	مُصَفِّي-مُصَفِّي، مُصَفٍّ، ةٌ 	
(فا. من صَلُحَ)	صَالِحٌ-صَالِحٌ، ةٌ 	
(فَا. مِن صَلَّحَ)	مُصَلِّحُ-مُصَلِّحُ، ةٌ 	
(فا. من صَمَتَ)	صَامِتٌ-صَامِتٌ، ةٌ 	
(فا. من صَمَدَ)	صَامِدٌ-صَامِدٌ، ةٌ 	
(فَا. مِنْ صَمَّمَ)	مُصَمِّمٌ-مُصَمِّمٌ، ة 	
(فا. من صَنَعَ)	صَانِعٌ-صَانِعٌ، ةٌ 	
(فَا. مِن صَنَّفَ)	مُصَنِّفٌ-مُصَنِّفٌ، ةٌ 	
(فا. من صَهَلَ)	صَاهِلٌ-صَاهِلٌ، ةٌ 	
(فَا. مِن صَوَّتَ)	مُصَوِّتٌ-مُصَوِّتٌ، ةٌ 	
(فَا. مِن صَوَّرَ)	مُصَوِّرٌ-مُصَوِّرٌ، ةٌ 	
(فا. من صَوَى)	صَاو-صَاوِي، صَاوٍ، ةٌ 	
(فَا. مِن صَيَّفَ)	مُصَيِّفٌ-مُصَيِّفٌ، ةٌ 	
(فَا. مِن ضَارَبَ)	مُضَارِبٌ-مُضَارِبٌ، ة 	
(فا. من ضَاعَ)	ضَائِعٌ-ضَائِعٌ، ةٌ 	
(فا. من ضَاغَنَ)	ضَاغِنٌ-ضَاغِنٌ، ةٌ 	
(فا. من ضَاقَ)	ضَائِقٌ-ضَائِقٌ، ةٌ 	
(فا. من ضَامَ)	ضَائِمٌ-ضَائِمٌ، ة 	
(فَا. مِن ضَايَقَ)	مُضَايِقٌ-مُضَايِقٌ، ةٌ 	
(فا. من ضَبَطَ)	ضَابِطٌ-ضَابِطٌ، ةٌ 	
(فا. من ضَجَعَ)	ضاجِعٌ-ضاجِعٌ، ةٌ 	
(فا. من ضَحَا)	ضَاحِي-ضَاحِي، ضَاحٍ، ةٌ 	
(فا. من ضَحِكَ)	ضَاحِكٌ-ضَاحِكٌ، ةٌ 	
(فَا. مِن ضَخَّمَ)	مُضَخِّمٌ-مُضَخِّمٌ، ةٌ 	
(فا. من ضَرَّ)	ضَارٌّ-ضَارٌّ 	
(فَا. مِن ضَرَّ)	مُضِرٌّ-مُضِرٌّ، ةٌ 	
(فا. من ضَرَبَ)	ضَارِبٌ-ضَارِبٌ، ةٌ 	
(فا. من ضَرَعَ)	ضَارِعٌ-ضَارِعٌ، ةٌ 	
(فا. من ضَرِيَ)	ضَارِي-ضَارِي، ضَارٍ، ةٌ 	
(فا. من ضَغَطَ)	ضَاغِطٌ-ضَاغِطٌ، ةٌ 	
(فا. من ضَفَا)	ضَافِي-ضَافِي، ضَافٍ، ةٌ 	
(فا. من ضَلَّ)	ضَالٌّ-ضَالٌّ، ةٌ 	
(فَا. مِن ضَلَّلَ)	مُضَلِّلٌ-مُضَلِّلٌ، ةٌ 	
(فا. من ضَمَرَ)	ضَامِرٌ-ضَامِرٌ، ةٌ 	
(فا. من ضَمِنَ)	ضَامِنٌ-ضَامِنٌ، ةٌ 	
(فا. من ضَوِيَ)	ضَاوِي-ضَاوِي، ضَاوٍ، ةٌ 	
(فَا. مِن طَابَقَ)	مُطَابِقٌ-مُطَابِقٌ، ةٌ 	
(فَا. مِن طَارَدَ)	مُطَارِدٌ-مُطَارِدٌ 	
(فا. من طَاشَ)	طَائِشٌ-طَائِشٌ، ةٌ 	
(فا. من طَاعَ).	طَائِعٌ-طَائِعٌ 	
(فا. من طَافَ)	طَائِفٌ-طَائِفٌ، ةٌ 	
(فَا. مِن طَالَبَ)	مُطَالِبٌ-مُطَالِبٌ 	
(فَا. مِن طَالَعَ)	مُطَالِعٌ-مُطَالِعٌ 	
(فَا. مِن طَرَّزَ)	مُطَرِّزٌ-مُطَرِّزٌ، ةٌ 	
(فا. من طَرَفَ)	طَارِفٌ-طَارِفٌ، ةٌ 	
(فا. من طَرَقَ)	طَارِقٌ-طَارِقٌ، ةٌ 	
(فا. من طَعِمَ)	طَاعِمٌ-طَاعِمٌ 	
(فا. من طَعَنَ)	طَاعِنٌ-طَاعِنٌ، ةٌ 	
(فا. من طَغَى)	طَاغِي-طَاغِي، طَاغٍ، ةٌ 	
(فا. من طَفَا)	طَافِي-طَافِي، طَافٍ، ةٌ 	
(فا. من طَفَحَ)	طَافِحٌ-طَافِحٌ، ةٌ 	
(فا. من طَلَبَ)	طَالِبٌ-طَالِبٌ، ةٌ 	
(فا. من طَلَحَ)	طَالِحٌ-طَالِحٌ، ةٌ 	
(فا. من طَلَعَ)	طَالِعٌ-طَالِعٌ، ةٌ 	
(فا. من طَمَّ)	طَامٌّ-طَامٌّ 	
(فا. من طَمَحَ)	طَامِحٌ-طَامِحٌ، ةٌ 	
(فا. من طَمَسَ)	طَامِسٌ-طَامِسٌ، ة 	
(فا. من طَمَعَ)	طَامِعٌ-طَامِعٌ، ةٌ 	
(فا. من طَهَا، طَهَى)	طَاهِي-طَاهِي، طَاهٍ، ةٌ 	
(فا. من طَهُرَ)	طَاهِرٌ-طَاهِرٌ، ةٌ 	
(فَا. مِن طَهَّرَ)	مُطَهِّرٌ-مُطَهِّرٌ، ةٌ 	
(فَا. مِنْ طَوَّقَ)	مُطَوِّقٌ-مُطَوِّقٌ، ة 	
(فا. من طَوَى)	طَاوِي-طَاوِي، طَاوٍ، ةٌ 	
(فا. من ظَفَر)	ظافِرٌ-ظافِرٌ، ةٌ 	
(فا. من ظَلَعَ)	ظالِعٌ-ظالِعٌ، ةٌ 	
(فا. مِنْ ظَلَمَ)	ظالِمٌ-ظالِمٌ، ةٌ 	
(فا. من ظَمِئَ)	ظَّامِئُ-الظَّامِئُ، ةٌ 	
(فا. من ظَهَرَ)	ظاهِرٌ-ظاهِرٌ، ةٌ 	
(فا. مِن عَابَ)	عَائِبٌ-عَائِبٌ، ةٌ 	
(فا. مِنْ عَادَ)	عَائِدٌ-عَائِدٌ، ةٌ 	
(فَا. مِن عَادَلَ)	مُعَادِلٌ-مُعَادِلٌ، ة 	
(فَا. مِن عَارَضَ)	مُعارِضٌ-مُعارِضٌ، ةٌ 	
(فَا. مِن عَارَكَ)	مُعارِكٌ-مُعارِكٌ، ةٌ 	
(فا. مِنْ عَازَ)	عَائِزٌ-عَائِزٌ، ةٌ 	
(فا. مِنْ عَاشَ)	عَائِشٌ-عَائِشٌ، ةٌ 	
(فَا. مِن عَاصَرَ)	مُعَاصِرٌ-مُعَاصِرٌ، ة 	
(فا. مِنْ عَاقَ)	عَائِقٌ-عَائِقٌ، ةٌ 	
(فَا. مِن عَاقَبَ)	مُعَاقِبٌ-مُعَاقِبٌ، ةٌ 	
(فَا. مِن عَاكَسَ)	مُعَاكِسٌ-مُعَاكِسٌ، ةٌ 	
(فا. مِنْ عَالَ)	عَائِلٌ-عَائِلٌ، ةٌ 	
(فَا. مِن عَالَجَ)	مُعَالِجٌ-مُعَالِجٌ، ةٌ 	
(فا. مِنْ عَامَ)	عَائِمٌ-عَائِمٌ، ةٌ 	
(فَا. مِن عَانَدَ)	مُعَانِدٌ-مُعَانِدٌ، ةٌ 	
(فَا. مِن عَاوَدَ)	مُعَاوِدٌ-مُعَاوِدٌ، ةٌ 	
(فَا. مِن عَاوَنَ)	مُعَاوِنٌ-مُعَاوِنٌ، ة 	
(فَا. مِن عَايَرَ)	مُعَايِرٌ-مُعَايِرٌ، ةٌ 	
(فَا. مِن عَايَنَ)	مُعَايِنٌ-مُعَايِنٌ، ةٌ 	
(فا. مِنْ عَبَأَ)	عَابِئٌ-عَابِئٌ، ةٌ 	
(فا. مِنْ عَبَثَ)	عَابِثٌ-عَابِثٌ، ةٌ 	
(فا. مِنْ عَبَدَ)	عَابِدٌ-عَابِدٌ، ةٌ 	
(فا. مِنْ عَبَرَ)	عَابِرٌ-عَابِرٌ، ةٌ 	
(فَا. مِن عَبَّرَ)	مُعَبِّرٌ-مُعَبِّرٌ، ةٌ 	
(فا. مِنْ عَبَسَ)	عَابِسٌ-عَابِسٌ، ةٌ 	
(فا. مِنْ عَتَا)	عَاتِي-عَاتِي، عَاتٍ، ةٌ 	
(فا. مِنْ عَتَبَ)	عَاتِبٌ-عَاتِبٌ، ةٌ 	
(فا. مِنْ عَتَقَ)	عَاتِقٌ-عَاتِقٌ، ة 	
(فا. مِنْ عَتَمَ)	عَاتِمٌ-عَاتِمٌ، ةٌ 	
(فا. مِنْ عَثَرَ)	عَاثِرٌ-عَاثِرٌ، ةٌ 	
(فا. مِنْ عَجَزَ)	عَاجِزٌ-عَاجِزٌ، ةٌ 	
(فا. مِنْ عَجِلَ)	عَاجِلٌ-عَاجِلٌ، ةٌ 	
(فَا. مِن عَجَّلَ)	مُعَجِّلٌ-مُعَجِّلٌ، ةٌ 	
(فا. مِنْ عَدَلَ)	عَادِلٌ-عَادِلٌ، ةٌ 	
(فَا. مِن عَذَّبَ)	مُعَذِّبٌ-مُعَذِّبٌ، ةٌ 	
(فا. مِنْ عَذَلَ)	عَاذِلٌ-عَاذِلٌ، ةٌ 	
(فَا. مِن عَرَّبَ)	مُعَرِّبٌ-مُعَرِّبٌ، ةٌ 	
(فَا. مِن عَرْبَدَ)	مُعَرْبِدٌ-مُعَرْبِدٌ، ةٌ 	
(فا. مِنْ عَرَضَ)	عَارِضٌ-عَارِضٌ، ةٌ 	
(فا. مِنْ عَرَفَ)	عَارِفٌ-عَارِفٌ، ةٌ 	
(فَا. مِن عَرْقَلَ)	مُعَرْقِلٌ-مُعَرْقِلٌ، ةٌ 	
(فا. مِنْ عَرِمَ)	عَارِمٌ-عَارِمٌ، ةٌ 	
(فا. مِنْ عَرِيَ)	عَارِي-عَارِي، عَارٍ، ةٌ 	
(فا. مِنْ عَرِيَ)	عُرْيَانٌ-عُرْيَانٌ، ةٌ 	
(فا. مِنْ عَزَبَ)	عَازِبٌ-عَازِبٌ، ةٌ 	
(فَا. مِنْ عَزَّزَ)	مُعَزِّزٌ-مُعَزِّزٌ، ةٌ 	
(فا. مِنْ عَزَفَ)	عَازِفٌ-عَازِفٌ، ةٌ 	
(فا. مِنْ عَزَلَ)	عَازِلٌ-عَازِلٌ، ة 	
(فا. مِنْ عَزَمَ)	عَازِمٌ-عَازِمٌ، ةٌ 	
(فا. من عَزَّى)	مُعَزِّي-مُعَزِّي، مُعَزٍّ، ةٌ 	
(فا. مِنْ عَشِبَ)	عَاشِبٌ-عَاشِبٌ، ةٌ 	
(فا. مِنْ عَشِقَ)	عَاشِقٌ-عَاشِقٌ، ة 	
(فا. مِنْ عَصِبَ)	عَاصِبٌ-عَاصِبٌ، ة 	
(فا. مِنْ عَصَرَ)	عَاصِرٌ-عَاصِرٌ، ةٌ 	
(فا. مِنْ عَصَفَ)	عَاصِفٌ-عَاصِفٌ، ةٌ 	
(فا. مِنْ عَصَى)	عَاصِي-عَاصِي، عَاصٍ، ةٌ 	
(فا. مِنْ عَطِرَ)	عَاطِرٌ-عَاطِرٌ، ةٌ 	
(فا. مِنْ عَطَفَ)	عَاطِفٌ-عَاطِفٌ، ةٌ 	
(فا. مِنْ عَطَلَ)	عَاطِلٌ-عَاطِلٌ، ةٌ 	
(فا. مِنْ عَفَا)	عَافِي-عَافِي، عَافٍ، ةٌ 	
(فا. مِنْ عَقَّ)	عَاقٌّ-عَاقٌّ، ةٌ 	
(فا. من عَقَبَ)	عَاقِبٌ-عَاقِبٌ، ة 	
(فَا. مِن عَقَّبَ)	مُعَقِّبٌ-مُعَقِّبٌ، ةٌ 	
(فا. مِنْ عَقَدَ)	عَاقِدٌ-عَاقِدٌ، ةٌ 	
(فا. مِنْ عَقَلَ)	عَاقِلٌ-عَاقِلٌ، ةٌ 	
(فَا. مِن عَكَّرَ)	مُعَكِّرٌ-مُعَكِّرٌ، ةٌ 	
(فا. مِنْ عَكَسَ)	عَاكِسٌ-عَاكِسٌ، ة 	
(فا. مِنْ عَكَفَ)	عَاكِفٌ-عَاكِفٌ، ةٌ 	
(فا. مِنْ عَلاَ)	عَالِي-عَالِي، عَالٍ، ةٌ 	
(فَا. مِن عَلَّقَ)	مُعَلِّقٌ-مُعَلِّقٌ، ةٌ 	
(فَا. مِن عَلَّلَ)	مُعَلَّلٌ-مُعَلَّلٌ، ةٌ 	
(فَا. مِن عَلَّلَ)	مُعَلِّلٌ-مُعَلِّلٌ، ةٌ 	
(فا. مِنْ عَلِمَ)	عَالِمٌ-عَالِمٌ، ةٌ 	
(فَا. مِن عَلَّمَ)	مُعَلِّمٌ-مُعَلِّمٌ، ةٌ 	
(فا. مِنْ عَلَنَ)	عَالِنٌ-عَالِنٌ، ة 	
(فا. مِنْ عَمَّ)	عَامٌّ-عَامٌّ، ةٌ 	
(فا. مِنْ عَمَرَ)	عَامِرٌ-عَامِرٌ، ةٌ 	
(فَا. مِن عَمَّرَ)	مُعَمِّرٌ-مُعَمِّرٌ، ةٌ 	
(فا. مِنْ عَمِلَ)	عَامِلٌ-عَامِلٌ، ةٌ 	
(فَا. مِن عَمَّمَ)	مُعَمِّمٌ-مُعَمِّمٌ، ةٌ 	
(فا. مِنْ عَنَدَ)	عَانِدٌ-عَانِدٌ، ةٌ 	
(فا. مِنْ عَنَسَ)	عَانِسٌ-عَانِسٌ، ةٌ 	
(فَا. مِن عَنَّفَ)	مُعَنِّفٌ-مُعَنِّفٌ، ةٌ 	
(فا. مِنْ عَهَرَ)	عَاهِرٌ-عَاهِرٌ، ةٌ 	
(فَا. مِن عَوَّضَ)	مُعَوِّضٌ-مُعَوِّضٌ، ةٌ 	
(فا. مِنْ عَوَى)	عَاوِي-عَاوِي، عَاوٍ، ةٌ 	
(فا. من غَابَ)	غَائِبٌ-غَائِبٌ، ةٌ 	
(فا. من غَارَ)	غَائِرٌ-غَائِرٌ، ةٌ 	
(فا. من غَاصَ)	غَائِصٌ-غَائِصٌ، ةٌ 	
(فا. من غَافَرَ)	غَافِرٌ-غَافِرٌ، ة 	
(فا. من غَامَ)	غَائِمٌ-غَائِمٌ، ةٌ 	
(فا. من غَامَّ)	غَامٌّ-غَامٌّ، ة 	
(فَا. مِن غَامَرَ)	مُغَامِرٌ-مُغَامِرٌ، ةٌ 	
(فَا. مِن غَايَرَ)	مُغَايِرٌ-مُغَايِرٌ، ةٌ 	
(فا. من غَبَرَ)	غَابِرٌ-غَابِرٌ، ةٌ 	
(فا. من غَدَا)	غَادِي-غَادِي، غَادٍ، ةٌ 	
(فا. من غَدَرَ)	غَادِرٌ-غَادِرٌ، ةٌ 	
(فَا. مِن غَذَّى)	مُغَذِّي-مُغَذِّي، مُغَذٍّ، ةٌ 	
(فَا. مِن غَرْبَلَ)	مُغَرْبِلٌ-مُغَرْبِلٌ، ةٌ 	
(فَا. مِن غَرَّدَ)	مُغَرِّدٌ-مُغَرِّدٌ، ةٌ 	
(فا. من غَرَزَ)	غَارِزٌ-غَارِزٌ، ةٌ 	
(فا. من غَرَقَ)	غَارِقٌ-غَارِقٌ، ةٌ 	
(فا. من غَزَا)	غَازِي-غَازِي، غَازٍ، ةٌ 	
(فا. من غَسَقَ)	غَاسِقٌ-غَاسِقٌ، ةٌ 	
(فا. من غَشَّ)	غَاشٌّ-غَاشٌّ، ة 	
(فا. من غَشَمَ)	غَاشِمٌ-غَاشِمٌ، ةٌ 	
(فا. من غَصَّ)	غَاصٌّ-غَاصٌّ، ةٌ 	
(فا. من غَصَبَ)	غَاصِبٌ-غَاصِبٌ، ةٌ 	
(فا. من غَضِبَ)	غَاضِبٌ-غَاضِبٌ، ةٌ 	
(فا. من غَطَسَ)	غَاطِسٌ-غَاطِسٌ، ةٌ 	
(فا. من غَفَلَ)	غَافِلٌ-غَافِلٌ، ةٌ 	
(فا. من غَلاَ)	غالِي-غالِي، غَالٍ، ةٌ 	
(فا. من غَلَبَ)	غَالِبٌ-غَالِبٌ، ةٌ 	
(فا. من غَلِظَ)	غَالِظٌ-غَالِظٌ، ةٌ 	
(فَا. مِن غَمَّ)	مُغِمٌّ-مُغِمٌّ، ة 	
(فا. من غَمَرَ)	غَامِرٌ-غَامِرٌ، ةٌ 	
(فا. من غَمَزَ)	غَامِزٌ-غَامِزٌ، ةٌ 	
(فا. من غَمَضَ)	غَامِضٌ-غَامِضٌ، ةٌ 	
(فا. من غَمَقَ)	غَامِقٌ-غَامِقٌ، ةٌ 	
(فَا. مِن غَنَّى)	مُغَنِّي-مُغَنِّي، مُغَنٍّ، ةٌ 	
(فا. من غَنِيَ)	غَانِي-غَانِي، غَانٍ، ةٌ 	
(فا. من غَوَى)	غَاوِي-غَاوِي، غَاوٍ، ةٌ 	
(فَا. مِن غَيَّرَ)	مُغَيِّرٌ-مُغَيِّرٌ، ةٌ 	
(فَا. مِن فَاجَأَ)	مُفَاجِئٌ-مُفَاجِئٌ، ةٌ 	
(فا. من فَارَ)	فَائِرٌ-فَائِرٌ، ةٌ 	
(فا. من فَاضَ)	فَائِضٌ-فَائِضٌ، ةٌ 	
(فا. من فَاقَ)	فَائِقٌ-فَائِقٌ، ةٌ 	
(فَا. مِن فَاوَضَ)	مُفَاوِضٌ-مُفَاوِضٌ، ةٌ 	
(فا. من فَتَحَ)	فَاتِحٌ-فَاتِحٌ، ةٌ 	
(فا. من فَتَرَ)	فَاتِرٌ-فَاتِرٌ، ةٌ 	
(فَا. مِن فَتَّشَ)	مُفَتِّشٌ-مُفَتِّشٌ، ةٌ 	
(فا. من فَتَكَ)	فَاتِكٌ-فَاتِكٌ، ةٌ 	
(فا. من فَتَنَ)	فَاتِنٌ-فَاتِنٌ، ةٌ 	
(فا. من فَجَرَ)	فَاجِرٌ-فَاجِرٌ، ةٌ 	
(فَا. مِن فَجَّرَ)	مُفَجِّرٌ-مُفَجِّرٌ، ةٌ 	
(فا. من فَجَعَ)	فَاجِعٌ-فَاجِعٌ، ة 	
(فا. من فَحَشَ)	فَاحِشٌ-فَاحِشٌ، ةٌ 	
(فا. من فَحَصَ)	فَاحِصٌ-فَاحِصٌ، ةٌ 	
(فا. من فَحَمَ)	فَاحِمٌ-فَاحِمٌ، ةٌ 	
(فا. من فَخَرَ)	فَاخِرٌ-فَاخِرٌ، ةٌ 	
(فَا. مِن فَخَّمَ)	مُفَخَّمٌ-مُفَخَّمٌ، ة 	
(فا. من فَدَحَ)	فَادِحٌ-فَادِحٌ، ةٌ 	
(فَا. مِنْ فَدَى)	فَادِي-فَادِي، فَادٍ، ةٌ 	
(فا. من فَرَّ)	فَارٌّ-فَارٌّ، ةٌ 	
(فَا. مِن فَرَّجَ)	مُفَرِّجٌ-مُفَرِّجٌ، ةٌ 	
(فَا. من فَرَزَ)	فَارِزٌ-فَارِزٌ، ة 	
(فَا. من فَرَسَ)	فَارِسٌ-فَارِسٌ، ة 	
(فا. من فَرَضَ)	فَارِضٌ-فَارِضٌ، ةٌ 	
(فا. من فَرَعَ)	فَارِعٌ-فَارِعٌ، ةٌ 	
(فا. من فَرَغَ)	فَارِغٌ-فَارِغٌ، ةٌ 	
(فا. من فَرَقَ)	فَارِقٌ-فَارِقٌ، ةٌ 	
(فا. من فَرَّقَ)	مُفَرِّقٌ-مُفَرِّقٌ، ةٌ 	
(فا. من فَسَدَ)	فَاسِدٌ-فَاسِدٌ، ةٌ 	
(فا. من فَسَّرَ)	مُفَسِّرٌ-مُفَسِّرٌ، ةٌ 	
(فا. من فَسَقَ)	فَاسِقٌ-فَاسِقٌ، ةٌ 	
(فا. من فَصَلَ)	فَاصِلٌ-فَاصِلٌ، ةٌ 	
(فا. من فَضَحَ)	فَاضِحٌ-فَاضِحٌ، ةٌ 	
(فا. من فَضَلَ)	فَاضِلٌ-فَاضِلٌ، ةٌ 	
(فا. من فَطَرَ)	فَاطِرٌ-فَاطِرٌ، ة 	
(فا. من فَطِنَ)	فَاطِنٌ-فَاطِنٌ، ةٌ 	
(فا. من فَعَلَ)	فَاعِلٌ-فَاعِلٌ، ةٌ 	
(فا. من فَغَرَ)	فَاغِرٌ-فَاغِرٌ، ةٌ 	
(فا. من فَقَدَ)	فَاقِدٌ-فَاقِدٌ، ةٌ 	
(فا. من فَكَّرَ)	مُفَكِّرٌ-مُفَكِّرٌ، ةٌ 	
(فا. من فَكِهَ)	فَاكِهٌ-فَاكِهٌ، ةٌ 	
(فا. مِنْ فَنَى)	فَانِي-فَانِي، فَانٍ، ةٌ 	
(فا. من فَهْرَسَ)	مُفَهْرِسٌ-مُفَهْرِسٌ، ةٌ 	
(فا. من قابَلَ)	مُقَابِلٌ-مُقَابِلٌ، ةٌ 	
(فا. من قَاتَلَ)	مُقَاتِلٌ-مُقَاتِلٌ، ةٌ 	
(فا. من قَادَ)	قَائِدٌ-قَائِدٌ، ة 	
(فا. من قَارَبَ)	مُقَارِبٌ-مُقَارِبٌ، ة 	
(فا. من قَارَنَ)	مُقَارِنٌ-مُقَارِنٌ، ةٌ 	
(فا. من قَاطَعَ)	مُقَاطِعٌ-مُقَاطِعٌ، ةٌ 	
(فا. من قَاظَ)	قَائِظٌ-قَائِظٌ، ةٌ 	
(فا. من قَالَ)	قَائِلٌ-قَائِلٌ، ةٌ 	
(فا. من قَالَ)	قَائِلٌ-قَائِلٌ، ةٌ 	
(فا. من قَامَ)	قَائِمٌ-قَائِمٌ، ةٌ 	
(فا. من قَامَرَ)	مُقَامِرٌ-مُقَامِرٌ، ةٌ 	
(فا. من قَاوَلَ)	مُقَاوِلٌ-مُقَاوِلٌ، ةٌ 	
(فا. من قَاوَمَ)	مُقَاوِمٌ-مُقَاوِمٌ، ةٌ 	
(فا. من قَبَضَ)	قَابِضٌ-قَابِضٌ، ةٌ 	
(فَا. من قَبَعَ)	قَابِعٌ-قَابِعٌ، ةٌ 	
(فا. من قَبِلَ)	قَابِلٌ-قَابِلٌ، ةٌ 	
(فَا. من قَتَرَ)	قَاتِرٌ-قَاتِرٌ، ةٌ 	
(فا. من قَتَلَ)	قَاتِلٌ-قَاتِلٌ، ةٌ 	
(فا. من قَتَمَ)	قَاتِمٌ-قَاتِمٌ، ةٌ 	
(فا. من قَتَنَ)	قَاتِنٌ-قَاتِنٌ، ة 	
(فَا. من قَحَبَ)	قَاحِبٌ-قَاحِبٌ، ة 	
(فا. من قَحَطَ)	قَاحِطٌ-قَاحِطٌ، ةٌ 	
(فا. من قَحِلَ)	قَاحِلٌ-قَاحِلٌ، ةٌ 	
(فا. من قَدَّرَ)	مُقَدِّرٌ-مُقَدِّرٌ، ةٌ 	
(فَا. من قَدَرَ)	قَادِرٌ-قَادِرٌ، ةٌ 	
(فا. من قَدَّسَ)	مُقَدِّسٌ-مُقَدِّسٌ، ةٌ 	
(فا. من قَدِمَ)	قَادِمٌ-قَادِمٌ، ةٌ 	
(فا. من قَدَّمَ)	مُقَدِّمٌ-مُقَدِّمٌ، ةٌ 	
(فَا. من قَذَفَ)	قَاذِفٌ-قَاذِفٌ، ةٌ 	
(فا. من قَرَّ)	قَارٌّ-قَارٌّ، ةٌ 	
(فا. من قَرَأَ)	قَارِئٌ-قَارِئٌ، ةٌ 	
(فا. من قَرَا).	قَارِي-قَارِي، قَارٍ، ةٌ 	
(فا. من قَرَّبَ)	مُقَرِّبٌ-مُقَرِّبٌ، ةٌ 	
(فا. من قَرَحَ)	قَارِحٌ-قَارِحٌ، ةٌ 	
(فا. من قَرَّرَ)	مُقَرِّرٌ-مُقَرِّرٌ، ةٌ 	
(فَا. من قَرَسَ)	قَارِسٌ-قَارِسٌ، ةٌ 	
(فا. من قَرَصَ)	قَارِصٌ-قَارِصٌ، ةٌ 	
(فا. من قَرَضَ)	قَارِضٌ-قَارِضٌ، ةٌ 	
(فا. من قَرْفَصَ)	مُقَرْفِصٌ-مُقَرْفِصٌ، ةٌ 	
(فا. من قَسَحَ)	قَاسِحٌ-قَاسِحٌ، ةٌ 	
(فا. مِنْ قَسَطَ)	قَاسِطٌ-قَاسِطٌ، ةٌ 	
(فا. من قَسَمَ)	قَاسِمٌ-قَاسِمٌ، ة 	
(فا. من قَسَّمَ)	مُقَسِّمٌ-مُقَسِّمٌ، ةٌ 	
(فا. من قَسِيَ)	قَاسِي-قَاسِي، قَاسٍ، ةٌ 	
(فا. من قَشَّرَ)	مُقَشِّرٌ-مُقَشِّرٌ، ةٌ 	
(فا. من قَصَّ)	قَاصٌّ-قَاصٌّ، ةٌ 	
(فا. من قَصَدَ)	قَاصِدٌ-قَاصِدٌ، ةٌ 	
(فا. من قَصَرَ)	قَاصِرٌ-قَاصِرٌ، ةٌ 	
(فا. من قَصَّرَ)	مُقَصِّرٌ-مُقَصِّرٌ، ةٌ 	
(فا. من قَصَفَ)	قَاصِفٌ-قَاصِفٌ، ةٌ 	
(فا. من قَصَمَ)	قَاصِمٌ-قَاصِمٌ، ةٌ 	
(فا. من قَصَى)	قَاصِي-قَاصِي، قَاصٍ، ةٌ 	
(فا. من قَضَبَ)	قَاضِبٌ-قَاضِبٌ، ةٌ 	
(فا. من قَضَمَ)	قَاضِمٌ-قَاضِمٌ، ةٌ 	
(فا. من قَطَبَ)	قَاطِبٌ-قَاطِبٌ، ةٌ 	
(فا. من قَطَّبَ)	مُقَطِّبٌ-مُقَطِّبٌ، ةٌ 	
(فا. من قَطَّرَ)	مُقَطِّرٌ-مُقَطِّرٌ، ةٌ 	
(فا. من قَطَعَ)	قَاطِعٌ-قَاطِعٌ، ةٌ 	
(فا. من قَطَنَ)	قَاطِنٌ-قَاطِنٌ، ةٌ 	
(فا. من قَعَدَ)	قَاعِدٌ-قَاعِدٌ، ةٌ 	
(فا. من قَفَلَ)	قَافِلٌ-قَافِلٌ، ةٌ 	
(فا. من قَلَبَ)	قَالِبٌ-قَالِبٌ 	
(فا. من قَلَّدَ)	مُقَلِّدٌ-مُقَلِّدٌ، ةٌ 	
(فا. من قَلَعَ)	قَالِعٌ-قَالِعٌ، ةٌ 	
(فا. من قَنَأَ)	قَانِئٌ-قَانِئٌ، ة 	
(فا. من قَنا)	قَانِي-قَانِي، قَانٍ، ةٌ 	
(فا. من قَنَتَ)	قَانِتٌ-قَانِتٌ، ةٌ 	
(فا. من قَنِطَ)	قَانِطٌ-قَانِطٌ، ةٌ 	
(فَا. من قَنِعَ)	قَانِعٌ-قَانِعٌ، ةٌ 	
(فا. من قَهَرَ)	قَاهِرٌ-قَاهِرٌ، ةٌ 	
(فا. من قَوَّضَ)	مُقَوِّضٌ-مُقَوِّضٌ، ةٌ 	
(فا. من قَوْلَبَ)	مُقَوْلِبٌ-مُقَوْلِبٌ، ةٌ 	
(فا. من قَوَّمَ)	مُقَوِّمٌ-مُقَوِّمٌ، ةٌ 	
(فا. من قَوَّى)	مُقَوِّي-مُقَوِّي، مُقَوٍّ، ةٌ 	
(فا. من قَوِيَ)	قَاوِي-قَاوِي، قَاوٍ، ةٌ 	
(فا. من قَيَّدَ)	مُقَيِّدٌ-مُقَيِّدٌ، ةٌ 	
(فا. من كَادَ)	كَائِدٌ-كَائِدٌ، ةٌ 	
(فا. من كَافَأَ)	مُكَافِئٌ-مُكَافِئٌ، ةٌ 	
(فا. من كَافَحَ)	مُكَافِحٌ-مُكَافِحٌ، ةٌ 	
(فا. من كَانَ)	كَائِنٌ-كَائِنٌ، ةٌ 	
(فا. من كَبَا)	كَابِي-كَابِي، كَابٍ، ةٌ 	
(فا. من كَبَرَ)	كَابِرٌ-كَابِرٌ 	
(فـا. من كَبَّـرَ)	مُكَبِّرٌ-مُكَبِّرٌ، ةٌ 	
(فا. من كَبَسَ)	كَابِسٌ-كَابِسٌ، ةٌ 	
(فا. من كَتَبَ)	كَاتِبٌ-كَاتِبٌ، ةٌ 	
(فا. من كَتَمَ)	كَاتِمٌ-كَاتِمٌ، ةٌ 	
(فا. من كَثَّفَ)	مُكَثِّفٌ-مُكَثِّفٌ، ة 	
(فا. من كَدَّرَ)	مُكَدِّرٌ-مُكَدِّرٌ، ةٌ 	
(فا. من كَذَبَ)	كَاذِبٌ-كَاذِبٌ، ةٌ 	
(فا. من كَرَّرَ)	مُكَرِّرٌ-مُكَرِّرٌ، ةٌ 	
(فا. من كَرِهَ)	كَارِهٌ-كَارِهٌ، ةٌ 	
(فا. من كَسَا)	كَاسِي-كَاسِي، كَاسٍ، ةٌ 	
(فا. من كَسَبَ)	كَاسِبٌ-كَاسِبٌ، ةٌ 	
(فا. من كَسَحَ)	كَاسِحٌ-كَاسِحٌ، ةٌ 	
(فا. من كَسَدَ)	كَاسِدٌ-كَاسِدٌ، ةٌ 	
(فا. من كَسَرَ)	كَاسِرٌ-كَاسِرٌ، ةٌ 	
(فا. من كَسَّرَ)	مُكَسِّرٌ-مُكَسِّرٌ، ة 	
(فا. من كَسَفَ)	كَاسِفٌ-كَاسِفٌ، ةٌ 	
(فا. من كَشَحَ)	كَاشِحٌ-كَاشِحٌ، ة 	
(فا. من كَشَرَ)	كَاشِرٌ-كَاشِرٌ، ةٌ 	
(فا. من كَشَفَ)	كَاشِفٌ-كَاشِفٌ، ةٌ 	
(فا. من كَظَمَ)	كَاظِمٌ-كَاظِمٌ، ةٌ 	
(فا. من كَعَبَ)	كَاعِبٌ-كَاعِبٌ، ة 	
(فا. من كَفَّ)	كَافٌّ-كَافٌّ، ة	
(فا. من كَفَرَ)	كَافِرٌ-كَافِرٌ، ةٌ 	
(فا. من كَفَلَ)	كَافِلٌ-كَافِلٌ، ة 	
(فا. من كَفَّنَ)	مُكَفِّنٌ-مُكَفِّنٌ، ةٌ 	
(فا. من كَفَى)	كَافِي-كَافِي، كَافٍ، ةٌ 	
(فا. من كَلَبَ)	كَالِبٌ-كَالِبٌ، ة 	
(فا. من كَلَحَ)	كَالِحٌ-كَالِحٌ، ةٌ 	
(فا. من كَلَّفَ)	مُكَلِّفٌ-مُكَلِّفٌ، ةٌ 	
(فا. من كَمَدَ)	كَامِدٌ-كَامِدٌ، ةٌ 	
(فا. من كَمَلَ)	كَامِلٌ-كَامِلٌ، ةٌ 	
(فا. من كَمَّلَ)	مُكَمِّلٌ-مُكَمِّلٌ، ةٌ 	
(فا. من كَمِنَ )	كَامِنٌ-كَامِنٌ، ةٌ 	
(فا. من كَنَسَ)	كَانِسٌ-كَانِسٌ، ةٌ 	
(فا. من كَهْرَبَ)	مُكَهْرِبٌ-مُكَهْرِبٌ، ةٌ 	
(فا. من كَهَنَ)	كَاهِنٌ-كَاهِنٌ، ةٌ 	
(فا. من كَوْكَبَ)	مُكَوْكَبٌ-مُكَوْكَبٌ، ة 	
(فا. من كَوَّنَ)	مُكَوِّنٌ-مُكَوِّنٌ، ةٌ 	
(فا. من كَيَّفَ)	مُكَيِّفٌ-مُكَيِّفٌ، ة 	
(فا. من لاءمَ)	مُلاَئِمٌ-مُلاَئِمٌ، ةٌ 	
(فا. من لاَحَقَ)	مُلاَحِقٌ-مُلاَحِقٌ، ةٌ 	
(فا. من لاَزَمَ)	مُلاَزِمٌ-مُلاَزِمٌ، ةٌ 	
(فا. من لاَصَقَ)	مُلاَصِقٌ-مُلاَصِقٌ، ةٌ 	
(فا. من لاَطَفَ)	مُلاَطِفٌ-مُلاَطِفٌ، ةٌ 	
(فا. من لاَعَبَ)	مُلاَعِبٌ-مُلاَعِبٌ، ةٌ 	
(فَا. من لاَقَ)	لاَئِقٌ-لاَئِقٌ، ةٌ 	
(فا. من لاَقَى)	مُلاَقِي-مُلاَقِي، مُلاَقٍ، ةٌ 	
(فا. من لاَكَمَ)	مُلاَكِمٌ-مُلاَكِمٌ، ة	
(فا. من لاَمَ)	لاَئِمٌ-لاَئِمٌ، ةٌ ون، ات. 	
(فَا. من لَبَثَ)	لاَبِثٌ-لاَبِثٌ، ة 	
(فَا. من لَبَدَ). 	لاَبِدٌ-لاَبِدٌ، ةٌ 	
(فَا. من لَبَنَ)	لاَبِنٌ-لاَبِنٌ، ةٌ 	
(فا. من لَبَّى)	مُلَبِّي-مُلَبِّي، مُلَبٍّ، ةٌ 	
(فَا. من لَجَأَ)	لاَجِئٌ-لاَجِئٌ، ة 	
(فَا. مِنْ لَحَسَ)	لاَحِسٌ-لاَحِسٌ، ةٌ 	
(فَا. من لَحِقَ)	لاَحِقٌ-لاَحِقٌ، ةٌ 	
(فَا. من لَحَمَ)	لاَحِمٌ-لاَحِمٌ، ة 	
(فا. من لَحَّنَ)	مُلَحِّنٌ-مُلَحِّنٌ، ةٌ 	
(فَا. من لَحَنَ)	لاَحِنٌ-لاَحِنٌ، ة 	
(فَا. من لَدَغَ)	لاَدِغٌ-لاَدِغٌ، ةٌ 	
(فا. من لَدَّنَ)	مُلَدِّنٌ-مُلَدِّنٌ، ةٌ 	
(فَا. من لَذَعَ)	لاَذِعٌ-لاَذِعٌ، ةٌ 	
(فَا. من لَزَبَ)	لاَزِبٌ-لاَزِبٌ، ة 	
(فَا. من لَزِمَ)	لاَزِمٌ-لاَزِمٌ، ةٌ 	
(فَا. من لَصَقَ)	لاَصِقٌ-لاَصِقٌ، ةٌ 	
(فا. من لَطَّفَ)	مُلَطِّفٌ-مُلَطِّفٌ، ةٌ 	
(فَا. مِنْ لَعِبَ)	لاَعِبٌ-لاَعِبٌ، ةٌ 	
(فا. من لَعَجَ)	لاَعِجٌ-لاَعِجٌ، ة 	
(فَا. مِنْ لَعِقَ)	لاَعِقٌ-لاَعِقٌ، ةٌ 	
(فَا. من لَعَنَ)	لاَعِنٌ-لاَعِنٌ، ةٌ 	
(فَا. من لَغَا)	لاَغِي-لاَغِي، لَاغٍ، ةٌ 	
(فَا. من لَفَتَ)	لاَفِتٌ-لاَفِتٌ، ةٌ 	
(فَا. من لَفَحَ)	لاَفِحٌ-لاَفِحٌ، ةٌ 	
(فا. من لَفَّقَ)	مُلَفِّقٌ-مُلَفِّقٌ، ةٌ 	
(فَا. من لَقَطَ)	لاَقِط-لاَقِطٌ، ةٌ 	
(فا. من لَقَّنَ)	مُلَقِّنٌ-مُلَقِّنٌ، ةٌ 	
(فَا. من لَمَحَ)	لاَمِحٌ-لاَمِحٌ، ة 	
(فَا. من لَمَسَ)	لاَمِسٌ-لاَمِسٌ، ة 	
(فَا. من لَمَعَ)	لاَمِعٌ-لاَمِعٌ، ةٌ 	
(فَا. من لَهَا).	لاَهِي-لاَهِي، لَاهٍ، ةٌ 	
(فَا. من لَهَجَ)	لاَهِجٌ-لاَهِجٌ، ةٌ 	
(فَا. من لَهِفَ)	لاَهِفٌ-لاَهِفٌ، ةٌ 	
(فا. من لَوَّنَ)	مُلَوِّنٌ-مُلَوِّنٌ، ةٌ 	
(فا. من لَيَّنَ)	مُلَيِّنٌ-مُلَيِّنٌ، ةٌ 	
(فا. من مَاتَ)	مَائِتٌ-مَائِتٌ، ةٌ 	
(فا. من مَاثَلَ)	مُمَاثِلٌ-مُمَاثِلٌ، ةٌ 	
(فَا. مِنْ مَاجَ)	مَائِجٌ-مَائِجٌ، ةٌ 	
(فا. من مَاحَكَ)	مُمَاحِكٌ-مُمَاحِكٌ، ةٌ 	
(فا. من مَادَ)	مَائِدٌ-مَائِدٌ، ةٌ 	
(فا. من مَارَسَ)	مُمَارِسٌ-مُمَارِسٌ، ةٌ 	
(فا. من مَاطَلَ)	مُمَاطِلٌ-مُمَاطِلٌ، ةٌ 	
(فا. من مَاعَ)	مَائِعٌ-مَائِعٌ، ةٌ 	
(فا. من مال)	مَائِلٌ-مَائِلٌ، ةٌ 	
(فا. من مَالَقَ)	مُمَالِقٌ-مُمَالِقٌ، ةٌ 	
(فا. من مَثَّلَ)	مُمَثِّلٌ-مُمَثِّلٌ، ةٌ 	
(فَا. مِنْ مَجَدَ)	مَاجِدٌ-مَاجِدٌ، ةٌ 	
(فا. مِنْ مَجَنَ)	مَاجِنٌ-مَاجِنٌ، ةٌ 	
(فا. من مَحَقَ)	مَاحِقٌ-مَاحِقٌ، ةٌ 	
(فا. من مَحَكَ)	مَاحِكٌ-مَاحِكٌ، ة 	
(فا. من مَحَلَ)	مَاحِلٌ-مَاحِلٌ، ةٌ 	
(فا. من مدح)	مَادِحٌ-مَادِحٌ، ة 	
(فا. من مَدَّدَ)	مُمَدِّدٌ-مُمَدِّدٌ، ةٌ 	
(فا. من مَدَّنَ)	مُمَدِّنٌ-مُمَدِّنٌ، ة 	
(فا. من مَرَّضَ)	مُمَرِّضٌ-مُمَرِّضٌ، ةٌ 	
(فا. من مَرَقَ)	مَارِقٌ-مَارِقٌ، ة 	
(فا. من مَرَّقَ)	مُمَرِّقٌ-مُمَرِّقٌ، ةٌ 	
(فا. من مَرِنَ)	مَارِنٌ-مَارِنٌ 	
(فا. من مَرَّنَ)	مُمَرِّنٌ-مُمَرِّنٌ، ةٌ 	
(فا. من مَسَّ)	مَاسٌّ-مَاسٌّ، ةٌ 	
(فا. من مَسَحَ)	مَاسِحٌ-مَاسِحٌ، ةٌ 	
(فا. من مَسَّدَ)	مُمَسِّد-مُمَسِّدٌ، ةٌ 	
(فا. من مَسَكَ)	مَاسِكٌ-مَاسِكٌ، ةٌ 	
(فَا. مِنْ مَشَطَ)	مَاشِطٌ-مَاشِطٌ، ةٌ 	
(فا. من مَشَى)	مَاشِي-مَاشِي، مَاشٍ، ةٌ 	
(فا. من مَضَى)	مَاضِي-مَاضِي، مَاضٍ، ة 	
(فا. من مَطَرَ)	مَاطِرٌ-مَاطِرٌ، ةٌ 	
(فا. من مَغْنَطَ)	مُمَغْنِطٌ-مُمَغْنِطٌ، ةٌ 	
(فا. من مَكَرَ)	مَاكِرٌ-مَاكِرٌ، ةٌ 	
(فَا. مِنْ مَلَحَ)	مَالِحٌ-مَالِحٌ، ة 	
(فَا. مِنْ مَلَكَ)	مَالِكٌ-مَالِكٌ، ة 	
(فا. من مَنَعَ)	مَانِعٌ-مَانِعٌ، ة 	
(فا. من مَهَّدَ)	مُمَهِّدٌ-مُمَهِّدٌ، ةٌ 	
(فا. من مَهَرَ)	مَاهِرٌ-مَاهِرٌ، ةٌ 	
(فا. من مَوَّلَ)	مُمَوِّلٌ-مُمَوِّلٌ، ةٌ 	
(فا. من مَوَّنَ)	مُمَوِّنٌ-مُمَوِّنٌ، ةٌ 	
(فا. من مَوَّهَ)	مُمَوِّهٌ-مُمَوِّهٌ، ةٌ 	
(فا. من مَيَّزَ)	مُمَيِّزٌ-مُمَيِّزٌ، ةٌ 	
(فَا. من نَـأَى)	نَائِي-نَائِي، نَاءٍ، ةٌ 	
(فَا. من نَابَ)	نَائِبٌ-نَائِبٌ، ة 	
(فا. من نَاجَى)	مُنَاجِي-مُنَاجِي، مُنَاجٍ، ةٌ 	
(فا. مِنْ نَاحَ)	نَائِحٌ-نَائِحٌ، ةٌ 	
(فا. من نَادَى)	مُنَادِي-مُنَادِي، مُنَادٍ، ةٌ 	
(فا. من نَازَعَ)	مُنَازِعٌ-مُنَازِعٌ، ةٌ 	
(فا. من نَاشَدَ)	مُنَاشِدٌ-مُنَاشِدٌ، ةٌ 	
(فا. من نَاصَرَ)	مُنَاصِرٌ-مُنَاصِرٌ، ةٌ 	
(فا. من نَاضَلَ)	مُناضِلٌ-مُناضِلٌ، ةٌ 	
(فا. من نَاظَرَ)	مُنَاظِرٌ-مُنَاظِرٌ، ةٌ 	
(فا. من نَافَحَ)	مُنَافِحٌ-مُنَافِحٌ، ةٌ 	
(فا. من نَافَسَ)	مُنَافِسٌ-مُنَافِسٌ، ةٌ 	
(فا. من نَافَقَ)	مُنَافِقٌ-مُنَافِقٌ، ةٌ 	
(فا. من نَافَى)	مُنَافِي-مُنَافِي، مُنَافٍ، ةٌ 	
(فا. من نَاقَشَ)	مُنَاقِشٌ-مُنَاقِشٌ، ةٌ 	
(فَا. من نَاقَضَ)	مُنَاقِضٌ-مُنَاقِضٌ، ةٌ 	
(فَا. من نَالَ)	نَائِلٌ-نَائِلٌ، ةٌ 	
(فا. مِنْ نَامَ)	نَائِمٌ-نَائِمٌ، ةٌ 	
(فا. من نَاهَضَ)	مُنَاهِضٌ-مُنَاهِضٌ، ةٌ 	
(فا. من نَاوَأَ)	مُنَاوِئٌ-مُنَاوِئٌ، ة	
(فا. من نَاوَبَ)	مُنَاوِبٌ-مُنَاوِبٌ، ةٌ 	
(فا. من نَاوَرَ)	مُنَاوِرٌ-مُنَاوِرٌ، ةٌ 	
(فا. من نَاوَشَ)	مُنَاوِشٌ-مُنَاوِشٌ، ة 	
(فَا. من نَبَا)	نَابِي-نَابِي، نَابٍ، ةٌ 	
(فَا. من نَبَتَ)	نَابِتٌ-نَابِتٌ، ةٌ 	
(فا. مِنْ نَبَحَ)	نَابِحٌ-نَابِحٌ، ة 	
(فَا. من نَبَحَ)	نَابِحٌ-نَابِحٌ، ةٌ 	
(فَا. من نَبَضَ)	نَابِضٌ-نَابِضٌ، ةٌ 	
(فَا. من نَبَعَ)	نَابِعٌ-نَابِعٌ، ةٌ 	
(فَا. من نَبَلَ)	نَابِلٌ-نَابِلٌ 	
(فا. من نَبَّهَ)	مُنَبِّهٌ-مُنَبِّهٌ، ةٌ 	
(فَا. من نَتَأَ)	نَاتِئٌ-نَاتِئٌ، ةٌ 	
(فَا. من نَتَجَ)	نَاتِجٌ-نَاتِجٌ، ةٌ 	
(فَا. من نَثَرَ)	نَاثِرٌ-نَاثِرٌ، ة 	
(فَا. من نَجَا)	نَاجِي-نَاجِي، نَاجٍ، ةٌ 	
(فَا. من نَجَحَ)	نَاجِحٌ-نَاجِحٌ، ةٌ 	
(فا. من نَجَّدَ)	مُنَجِّدٌ-مُنَجِّدٌ، ةٌ 	
(فَا. من نَجَزَ)	نَاجِزٌ-نَاجِزٌ، ة 	
(فَا. من نَجَسَ)	نَاجِسٌ-نَاجِسٌ، ةٌ 	
(فَا. من نَجَعَ)	نَاجِعٌ-نَاجِعٌ، ةٌ 	
(فا. من نَجَّمَ)	مُنَجِّمٌ-مُنَجِّمٌ، ةٌ 	
(فَا. من نَجَمَ)	نَاجِمٌ-نَاجِمٌ، ةٌ 	
(فا. من نَجَّى)	مُنَجِّي-مُنَجِّي، مُنَجٍّ، ةٌ 	
(فَا. من نَحَرَ)	نَاحِرٌ-نَاحِرٌ، ة 	
(فَا. من نَحَلَ)	نَاحِلٌ-نَاحِلٌ، ةٌ 	
(فَا. من نَخَبَ)	نَاخِبٌ-نَاخِبٌ، ةٌ 	
(فَا. من نَخَرَ)	نَاخِرٌ-نَاخِرٌ، ةٌ 	
(فَا. من نَخَسَ)	نَاخِسٌ-نَاخِسٌ، ة 	
(فَا. من نَخَلَ)	نَاخِلٌ-نَاخِلٌ، ةٌ 	
(فَا. من نَدَبَ)	نَادِبٌ-نَادِبٌ، ةٌ 	
(فَا. من نَدَرَ)	نَادِرٌ-نَادِرٌ، ةٌ 	
(فَا. مِنْ نَدَلَ)	نَادِلٌ-نَادِلٌ، ة 	
(فَا. من نَدِمَ)	نَادِمٌ-نَادِمٌ، ةٌ 	
(فَا. من نَزَحَ)	نَازِحٌ-نَازِحٌ، ةٌ 	
(فَا. من نَزَعَ)	نَازِعٌ-نَازِعٌ، ةٌ 	
(فَا. من نَزَفَ)	نَازِفٌ-نَازِفٌ، ةٌ 	
(فَا. من نَزَلَ)	نَازِلٌ-نَازِلٌ، ةٌ 	
(فَا. من نَسَأَ)	نَاسِئٌ-نَاسِئٌ، ةٌ 	
(فَا. من نَسَخَ)	نَاسِخٌ-نَاسِخٌ، ةٌ 	
(فَا. من نَسَغَ)	نَاسِغٌ-نَاسِغٌ 	
(فَا. من نَسَفَ)	نَاسِفٌ-نَاسِفٌ، ةٌ 	
(فا. من نَسَّقَ)	مُنَسِّقٌ-مُنَسِّقٌ، ةٌ 	
(فَا. من نَسَكَ)	نَاسِكٌ-نَاسِكٌ، ةٌ 	
(فَا. من نَسَلَ)	نَاسِلٌ-نَاسِلٌ، ةٌ 	
(فَا. من نَسَمَ)	نَاسِمٌ-نَاسِمٌ، ة 	
(فَا. من نَشَأَ)	نَاشِئٌ-نَاشِئٌ، ةٌ 	
(فَا. من نَشَبَ)	نَاشِبٌ-نَاشِبٌ، ةٌ 	
(فَا. من نَشَدَ)	نَاشِدٌ-نَاشِدٌ، ةٌ 	
(فَا. من نَشَرَ)	نَاشِرٌ-نَاشِرٌ، ةٌ 	
(فَا. من نَشَزَ)	نَاشِزٌ-نَاشِزٌ، ةٌ 	
(فا. من نَشَّطَ)	مُنَشِّطٌ-مُنَشِّطٌ، ةٌ 	
(فَا. من نَشَطَ)	نَاشِطٌ-نَاشِطٌ، ةٌ 	
(فا. من نَشَّفَ)	مُنَشِّفٌ-مُنَشِّفٌ، ةٌ 	
(فَا. من نَشَفَ)	نَاشِفٌ-نَاشِفٌ، ةٌ 	
(فَا. من نَصَبَ)	نَاصِبٌ-نَاصِبٌ، ةٌ 	
(فَا. من نَصَحَ)	نَاصِحٌ-نَاصِحٌ، ةٌ 	
(فا. من نَصَرَ)	نَاصِرٌ-نَاصِرٌ، ةٌ 	
(فَا. من نَصَعَ)	نَاصِعٌ-نَاصِعٌ، ةٌ 	
(فَا. من نَصَفَ)	نَاصِفٌ-نَاصِفٌ، ةٌ 	
(فَا. من نَضَبَ)	نَاضِبٌ-نَاضِبٌ، ةٌ 	
(فَا. من نَضَجَ)	نَاضِجٌ-نَاضِجٌ، ةٌ 	
(فَا. من نَضَحَ)	نَاضِحٌ-نَاضِحٌ، ة 	
(فا. من نَضَّدَ)	مُنَضِّدٌ-مُنَضِّدٌ، ةٌ 	
(فَا. من نَضَرَ)	نَاضِرٌ-نَاضِرٌ، ةٌ 	
(فَا. من نَطَحَ)	نَاطِحٌ-نَاطِحٌ، ةٌ 	
(فا. من نَطَرَ)	نَاطِرٌ-نَاطِرٌ، ة 	
(فَا. من نَطِفَ)	نَاطِفٌ-نَاطِفٌ 	
(فَا. من نَطَقَ)	نَاطِقٌ-نَاطِقٌ، ةٌ 	
(فَا. من نَظَرَ)	نَاظِرٌ-نَاظِرٌ، ةٌ 	
(فا. من نَظَّفَ)	مُنَظِّفٌ-مُنَظِّفٌ، ةٌ 	
(فا. من نَظَّمَ)	مُنَظِّمٌ-مُنَظِّمٌ، ةٌ 	
(فَا. من نَظَمَ)	نَاظِمٌ-نَاظِمٌ، ةٌ 	
(فَا. من نَعَتَ)	نَاعِتٌ-نَاعِتٌ، ةٌ 	
(فَا. من نَعَسَ)	نَاعِسٌ-نَاعِسٌ، ةٌ 	
(فَا. من نَعَقَ)	نَاعِقٌ-نَاعِقٌ، ةٌ 	
(فَا. من نَعُمَ)	نَاعِمٌ-نَاعِمٌ، ةٌ 	
(فَا. من نَعَى)	نَاعِي-نَاعِي، نَاعٍ، ةٌ 	
(فَا. من نَفَثَ)	نَافِثٌ-نَافِثٌ، ةٌ 	
(فا. من نَفَّذَ)	مُنَفِّذٌ-مُنَفِّذٌ، ةٌ 	
(فَا. من نَفَذَ)	نَافِذٌ-نَافِذٌ، ةٌ 	
(فا. من نَفَّرَ)	مُنَفِّرٌ-مُنَفِّرٌ، ةٌ 	
(فَا. من نَفَرَ)	نَافِرٌ-نَافِرٌ، ةٌ 	
(فَا. من نَفَسَ)	نَافِسٌ-نَافِسٌ، ة 	
(فَا. من نَفَضَ)	نَافِضٌ-نَافِضٌ، ةٌ 	
(فَا. من نَفَطَ)	نَافِطٌ-نَافِطٌ، ةٌ 	
(فَا. من نَفَعَ)	نَافِعٌ-نَافِعٌ، ة 	
(فَا. من نَفَقَ)	نَافِقٌ-نَافِقٌ، ةٌ 	
(فَا. من نَفَلَ)	نَافِلَةٌ-نَافِلَةٌ 	
(فَا. من نَفَى)	نَافِي-نَافِي، نَافٍ، ةٌ 	
(فَا. من نَقَدَ)	نَاقِدٌ-نَاقِدٌ، ةٌ 	
(فَا. من نَقَرَ)	نَاقِرٌ-نَاقِرٌ، ةٌ 	
(فَا. من نَقَسَ)	نَاقِسٌ-نَاقِسٌ، ة 	
(فَا. من نَقَصَ)	نَاقِصٌ-نَاقِصٌ، ةٌ 	
(فَا. من نَقَعَ)	نَاقِعٌ-نَاقِعٌ، ةٌ 	
(فَا. من نَقَلَ)	نَاقِلٌ-نَاقِلٌ، ةٌ 	
(فَا. من نَقَمَ)	نَاقِمٌ-نَاقِمٌ، ةٌ 	
(فَا. من نَكَحَ)	نَاكِحٌ-نَاكِحٌ، ة 	
(فا. من نَكَّدَ)	مُنَكِّدٌ-مُنَكِّدٌ، ةٌ 	
(فَا. من نَكَدَ)	نَاكِدٌ-نَاكِدٌ، ة 	
(فَا. من نَكَرَ)	نَاكِرٌ-نَاكِرٌ، ةٌ 	
(فا. من نَكَّسَ)	مُنَكِّسٌ-مُنَكِّسٌ، ةٌ 	
(فَا. من نَكَسَ)	نَاكِسٌ-نَاكِسٌ، ةٌ 	
(فَا. من نَمَا)	نَامِي-نَامِي، نَامٍ، ةٌ 	
(فَا. من نَهَدَ)	نَاهِدٌ-نَاهِدٌ، ة 	
(فَا. من نَهَرَ)	نَاهِرٌ-نَاهِرٌ، ةٌ 	
(فَا. من نَهَزَ)	نَاهِزٌ-نَاهِزٌ، ةٌ 	
(فَا. مِنْ نَهَضَ)	نَاهِضٌ-نَاهِضٌ، ةٌ 	
(فا. مِنْ نَهَقَ)	نَاهِقٌ-نَاهِقٌ، ة 	
(فَا. من نَهِلَ)	نَاهِلٌ-نَاهِلٌ، ةٌ 	
(فَا. من نَهَى)	نَاهِي-نَاهِي، نَاهٍ، ةٌ 	
(فا. من نَوَّعَ)	مُنَوِّعٌ-مُنَوِّعٌ، ةٌ 	
(فا. من نَوَّمَ)	مُنَوِّمٌ-مُنَوِّمٌ، ةٌ 	
(فَا. من نَوَى)	نَاوِي-نَاوِي، نَاوٍ، ةٌ 	
(فا. من هَابَ)	هَائِبٌ-هَائِبٌ، ةٌ 	
(فا. من هَاتَرَ)	مُهَاتِرٌ-مُهَاتِرٌ، ةٌ 	
(فا. من هَاجَ)	هَائِجٌ-هَائِجٌ، ةٌ 	
(فا. من هَاجَرَ)	مُهَاجِرٌ-مُهَاجِرٌ، ةٌ 	
(فا. من هَاجَمَ)	مُهَاجِمٌ-مُهَاجِمٌ، ةٌ 	
(فا. من هَادَ)	هَائِدٌ-هَائِدٌ، ة 	
(فا. من هَادَنَ)	مُهَادِنٌ-مُهَادِنٌ، ةٌ 	
(فا. من هَافَ)	هَائِفٌ-هَائِفٌ، ةٌ 	
(فا. من هَالَ)	هَائِلٌ-هَائِلٌ، ةٌ 	
(فا. مِنْ هَامَ)	هَائِمٌ-هَائِمٌ، ةٌ 	
(فا. من هَبَطَ)	هَابِطٌ-هَابِطٌ، ة 	
(فا. من هَبَلَ)	هَابِلٌ-هَابِلٌ، ة 	
(فا. من هَتَفَ)	هَاتِفٌ-هَاتِفٌ، ة 	
(فا. من هَجَا)	هَاجِي-هَاجِي، هَاجٍ، ةٌ 	
(فا. مِن هَجَدَ)	هَاجِدٌ-هَاجِدٌ، ةٌ 	
(فا. مِنْ هَجَرَ)	هَاجِرٌ-هَاجِرٌ، ةٌ 	
(فا. مِن هَجَعَ)	هَاجِعٌ-هَاجِعٌ، ةٌ 	
(فا. من هَدَّ)	هَادٌّ-هَادٌّ، ةٌ 	
(فا. من هَدَّأَ)	مُهَدِّئٌ-مُهَدِّئٌ، ةٌ 	
(فا. مِن هَدَأَ)	هَادِئٌ-هَادِئٌ، ةٌ 	
(فا. من هَدَّدَ)	مُهَدِّدٌ-مُهَدِّدٌ، ةٌ 	
(فا. من هَدَرَ)	هَادِرٌ-هَادِرٌ، ةٌ 	
(فا. من هَدَفَ)	هَادِفٌ-هَادِفٌ، ةٌ 	
(فا. من هَدَلَ)	هَادِلٌ-هَادِلٌ، ةٌ 	
(فا. من هَدَمَ)	هَادِمٌ-هَادِمٌ، ةٌ 	
(فا. من هَدَى)	هَادِي-هَادِي، هَادٍ، ةٌ 	
(فَا. مِنْ هَذَرَ)	هَاذِرٌ-هَاذِرٌ، ةٌ 	
(فا. من هَرَّبَ)	مُهَرِّبٌ-مُهَرِّبٌ، ةٌ 	
(فا. مِنْ هَرَبَ)	هَارِبٌ-هَارِبٌ، ةٌ 	
(فا. من هَرَّجَ)	مُهَرِّجٌ-مُهَرِّجٌ، ةٌ 	
(فا. من هَرْوَلَ)	مُهَرْوِلٌ-مُهَرْوِلٌ، ةٌ 	
(فا. مِنْ هَزَّ)	هَازٌّ-هَازٌّ، ةٌ 	
(فا. مِن هَزَأَ)	هَازِئٌ-هَازِئٌ، ةٌ 	
(فا. مِنْ هَزَلَ )	هَازِلٌ-هَازِلٌ، ة 	
(فا. من هَشَمَ)	هَاشِمٌ-هَاشِمٌ، ةٌ 	
(فا. من هَضَمَ)	هَاضِمٌ-هَاضِمٌ، ةٌ 	
(فا. مِنْ هَطَلَ)	هَاطِلٌ-هَاطِلٌ، ةٌ 	
(فا. من هَلَكَ)	هَالِكٌ-هَالِكٌ، ةٌ 	
(فا. من هَلَّلَ)	مُهَلِّلٌ-مُهَلِّلٌ، ةٌ 	
(فا. من هَمَّ)	مُهِمٌّ-مُهِمٌّ، ةٌ 	
(فا. من هَمَدَ)	هَامِدٌ-هَامِدٌ، ةٌ 	
(فا. من هَمَرَ)	هَامِرٌ-هَامِرٌ، ة 	
(فا. من هَمَزَ)	هَامِزٌ-هَامِزٌ، ة 	
(فا. من هَمَسَ)	هَامِسٌ-هَامِسٌ، ة 	
(فا. من هَمَشَ)	هَامِشٌ-هَامِشٌ 	
(فا. من هَمَعَ)	هَامِعٌ-هَامِعٌ، ةٌ 	
(فا. من هَمْهَمَ)	مُهَمْهِمٌ-مُهَمْهِمٌ، ةٌ 	
(فا. من هَنَأَ)	هَانِئٌ-هَانِئٌ، ةٌ 	
(فا. من هَوَى)	هَاوِي-هَاوِي، هَاوٍ، ةٌ 	
(فا. من هَوِيَ)	هَاوِي-هَاوِي، هَاوٍ، ةٌ 	
(فا. من هَيَّجَ)	مُهَيِّجٌ-مُهَيِّجٌ، ةٌ 	
(فا. من هَيْمَنَ)	مُهَيْمِنٌ-مُهَيْمِنٌ، ةٌ 	
(فَا. من وَاثَقَ)	وَاثِقٌ-وَاثِقٌ، ةٌ 	
(فا. من وَاجَهَ)	مُوَاجِهٌ-مُوَاجِهٌ، ةٌ 	
(فا. من وَارَبَ)	مُوَارِبٌ-مُوَارِبٌ، ةٌ 	
(فا. من وَازَنَ)	مُوَازِنٌ-مُوَازِنٌ، ةٌ 	
(فا. من وَازَى)	مُوَازِي-مُوَازِي، مُوَازٍ، ةٌ 	
(فا. من وَاسَى)	مُوَاسِي-مُوَاسِي، مُوَاسٍ، ةٌ 	
(فا. من وَاطَنَ)	مُوَاطِنٌ-مُوَاطِنٌ، ةٌ 	
(فا. من وَاظَبَ)	مُوَاظِبٌ-مُوَاظِبٌ، ةٌ 	
(فا. من وَافَقَ)	مُوَافِقٌ-مُوَافِقٌ، ةٌ 	
(فا. من وَاكَبَ)	مُوَاكِبٌ-مُوَاكِبٌ، ةٌ 	
(فا. من وَالَى)	مُوَالِي-مُوَالِي، مُوَالٍ، ة 	
(فا. من وَبَّخَ)	مُوَبِّخٌ-مُوَبِّخٌ، ةٌ 	
(فا. مِنْ وَبَلَ)	وَابِلٌ-وَابِلٌ، ةٌ 	
(فَا. من وَتَدَ)	وَاتِدٌ-وَاتِدٌ، ة 	
(فَا. من وَثَبَ)	وَاثِبٌ-وَاثِبٌ، ة 	
(فا. من وَثَّقَ)	مُوَثِّقٌ-مُوَثِّقٌ، ة 	
(فا. مِنْ وَثَنَ)	وَاثِنٌ-وَاثِنٌ، ة 	
(فَا. من وَجَبَ)	وَاجِبٌ-وَاجِبٌ، ة 	
(فَا. من وَجَدَ)	وَاجِدٌ-وَاجِدٌ، ةٌ 	
(فَا. من وَجَزَ)	وَاجِزٌ-وَاجِزٌ، ةٌ 	
(فَا. من وَجَسَ)	وَاجِسٌ-وَاجِسٌ، ةٌ 	
(فَا. من وَجَفَ)	وَاجِفٌ-وَاجِفٌ، ةٌ 	
(فَا. من وَجَمَ)	وَاجِمٌ-وَاجِمٌ، ةٌ 	
(فا. من وَجَّهَ)	مُوَجِّهٌ-مُوَجِّهٌ، ةٌ 	
(فا. من وَحَّدَ)	مُوَحِّدٌ-مُوَحِّدٌ، ةٌ 	
(فا. من وَدَّعَ)	مُوَدِّعٌ-مُوَدِّعٌ، ةٌ 	
(فَا. من وَدَعَ)	وَادِعٌ-وَادِعٌ، ة 	
(فَا. من وَرِثَ)	وَارِثٌ-وَارِثٌ، ة 	
(فَا. من وَرَدَ)	وَارِدٌ-وَارِدٌ، ةٌ 	
(فَا. من وَرَفَ)	وَارِفٌ-وَارِفٌ، ة 	
(فا. من وَرَّقَ)	مُوَرِّقٌ-مُوَرِّقٌ، ة 	
(فَا. من وَرَقَ)	وَارِقٌ-وَارِقٌ، ةٌ 	
(فَا. من وَرِمَ)	وَارِمٌ-وَارِمٌ، ةٌ 	
(فا. من وَزَّعَ)	مُوَزِّعٌ-مُوَزِّعٌ، ةٌ 	
(فَا. من وَزَعَ)	وَازِعٌ-وَازِعٌ، ة 	
(فَا. من وَزَنَ)	وَازِنٌ-وَازِنٌ، ة 	
(فَا. من وَسَطَ)	وَاسِطٌ-وَاسِطٌ، ةٌ 	
(فا. من وَسَّعَ)	مُوسِّعٌ-مُوسِّعٌ، ةٌ 	
(فَا. من وَسِعَ)	وَاسِعٌ-وَاسِعٌ، ةٌ 	
(فَا. من وَسَقَ)	وَاسِقٌ-وَاسِقٌ، ة 	
(فا. من وَسْوَسَ)	مُوَسْوِسٌ-مُوَسْوِسٌ، ةٌ 	
(فَا. من وَشَجَ)	وَاشِجٌ-وَاشِجٌ، ة 	
(فَا. من وَشَى)	وَاشِي-وَاشِي، وَاشٍ، ةُ 	
(فَا. من وَصَلَ)	وَاصِلٌ-وَاصِلٌ، ةٌ 	
(فا. من وَضَّحَ)	مُوَضِّحٌ-مُوَضِّحٌ، ةٌ 	
(فَا. من وَضَحَ)	وَاضِحٌ-وَاضِحٌ، ةٌ 	
(فَا. من وَضَعَ)	وَاضِعٌ-وَاضِعٌ، ةٌ 	
(فا. من وَطَّدَ)	مُوَطِّدٌ-مُوَطِّدٌ، ةٌ 	
(فَا. من وَطِىءَ)	وَاطِئٌ-وَاطِئٌ، ةٌ 	
(فَا. من وَظَبَ).	وَاظِبٌ-وَاظِبٌ، ةٌ 	
(فا. من وَظَّفَ)	مُوَظِّفٌ-مُوَظِّفٌ، ةٌ 	
(فَا. من وَعَرَ)	وَاعِرٌ-وَاعِرٌ، ةٌ 	
(فَا. من وَعَزَ)	وَاعِزٌ-وَاعِزٌ، ة 	
(فَا. من وَعَظَ)	وَاعِظٌ-وَاعِظٌ، ةٌ 	
(فَا. من وَعَى)	وَاعِي-وَاعِي، وَاعٍ، ةُ 	
(فَا. من وَغَرَ)	وَاغِرٌ-وَاغِرٌ، ةٌ 	
(فَا. من وَغَلَ)	وَاغِلٌ-وَاغِلٌ، ةٌ 	
(فَا. من وَفَدَ)	وَافِدٌ-وَافِدٌ، ةٌ 	
(فَا. من وَفَرَ)	وَافِرٌ-وَافِرٌ، ةٌ 	
(فَا. من وَفَى)	وَافِي-وَافِي، وَافٍ، ةُ 	
(فا. من وَقَّتَ)	مُوَقِّتٌ-مُوَقِّتٌ، ة 	
(فا. من وَقَّعَ)	مُوَقِّعٌ-مُوَقِّعٌ، ةٌ 	
(فَا. من وَقَعَ)	وَاقِعٌ-وَاقِعٌ، ة 	
(فَا. من وَقَفَ)	وَاقِفٌ-وَاقِفٌ، ةٌ 	#NAME?
(فَا. من وَقَى)	وَاقِي-وَاقِي، وَاقٍ، ةُ 	
(فَا. من وَكَفَ)	وَاكِفٌ-وَاكِفٌ، ة 	
(فا. من وَكَّلَ)	مُوَكِّلٌ-مُوَكِّلٌ، ةٌ 	
(فَا. من وَكَنَ)	وَاكِنٌ-وَاكِنٌ، ةٌ 	
(فا. من وَلَّدَ)	مُوَلِّدٌ-مُوَلِّدٌ، ةٌ 	
(فَا. من وَلَهَ)	وَالِهٌ-وَالِهٌ، ةٌ 	
(فا. مِن وَلْوَلَ)	مُوَلْوِلٌ-مُوَلْوِلٌ، ةٌ 	
(فَا. من وَلِيَ)	وَالِي-وَالِي، وَالٍ، ة 	
(فَا. من وَمَضَ)	وَامِضٌ-وَامِضٌ، ةٌ 	
(فَا. من وَنِيَ)	وَانِي-وَانِي، وَانٍ، ةٌ 	
(فَا. من وَهَبَ)	وَاهِبٌ-وَاهِبٌ، ةٌ 	
(فَا. من وَهَنَ)	وَاهِنٌ-وَاهِنٌ، ةٌ 	
(فَا. من وَهِيَ)	وَاهِي-وَاهِي، وَاهٍ، ةٌ 	
(فا. مِن يَئِسَ)	يَائِسٌ-يَائِسٌ، ة 	
(فا. من يَبِسَ)	يَابِسٌ-يَابِسٌ، ةٌ 	
(فا. من يَسِرَ)	يَاسِرٌ-يَاسِرٌ، ةٌ 	
(فا. مِن يَفَعَ)	يَافِعٌ-يَافِعٌ، ةٌ 	
(فا. مِن يَمُنَ)	يَامِنٌ-يَامِنٌ، ةٌ 	
(فا. مِن يَنَعَ)	يَانِعٌ-يَانِعٌ، ةٌ 	
(فَا. من قَطَرَ)	قَاطِرٌ-قَاطِرٌ، ةٌ 	
(فا. من حَصَد)	حاصِدٌ-حاصِدٌ، ةٌ 	
(فا. من شَغَلَ)	شَاغِلٌ-شَاغِلٌ، ة 	
(فا. من نَاسَبَ)	مُنَاسِبٌ-مُنَاسِبٌ، ةٌ 	
