(مفع. مِن اِرْتَهَنَ)	مُرْتَهَنٌ-مُرْتَهَنٌ، ةٌ 
(مفع. من اِنْعَطَفَ)	مُنْعَطَفٌ-مُنْعَطَفٌ ، ةٌ 
(مفع مِن اِسْتَحَبَّ)	مُسْتَحَبٌّ-مُسْتَحَبٌّ ، ةٌ 
(مفع مِنْ سَطَّحَ)	مُسَطَّحٌ-مُسَطَّحٌ، ةٌ 
(مفع مِنْ سَلَّ)	مَسْلُولٌ-مَسْلُولٌ، ةٌ 
(مفع مِنْ سَمَّ)	مَسْمُومٌ-مَسْمُومٌ، ةٌ 
(مفع مِنْ طَوَّقَ)	مُطَوَّقٌ-مُطَوَّقٌ، ةٌ 
(مفع مِنْ طَوَّلَ)	مُطَوَّلٌ-مُطَوَّلٌ، ةٌ 
(مفع من عَزَّزَ)	مُعَزَّزٌ-مُعَزَّزٌ، ةٌ 
(مفع من تَثَاءَبَ)	مَثْؤُوبٌ-مَثْؤُوبٌ، ةٌ 
(مفع. من رَبَّعَ)	مُرَبَّعٌ-مُرَبَّعٌ، ة 
(مفع. من عَبَّدَ)	مُعَبَّدٌ-مُعَبَّدٌ، ةٌ 
(مفع. مِن عَشِقَ)	مَعْشُوقٌ-مَعْشُوقٌ، ةٌ 
(مفع. مِنْ أَبْطَلَ)	مُبْطَلٌ-مُبْطَلٌ، ةٌ 
(مفع. مِنْ أَبْعَدَ)	مُبْعَدُ-مُبْعَدُ، ةٌ 
(مفع. مِنْ أَبْغَضَ)	مُبْغَضٌ-مُبْغَضٌ ، ةٌ 
(مفع. مِنْ أَبْهَمَ)	مُبْهَمٌ-مُبْهَمٌ، ةٌ  
(مفع. مِنْ أَتاحَ تَاحَ)	مُتَاحٌ-مُتَاحٌ، ةٌ  
(مفع. مِنْ أَتْرَبَ)	مُتْرَبٌ-مُتْرَبٌ، ةٌ 
(مفع. مِنْ أَتْرَعَ)	مُتْرَعٌ-مُتْرَعٌ، ةٌ 
(مفع. مِنْ أَتْرَفَ)	مُتْرَفٌ-مُتْرَفٌ، ةٌ 
(مفع. مِنْ أَتْعَبَ)	مُتْعَبٌ-مُتْعَبٌ، ةٌ 
(مفع. مِنْ أَتْقَنَ)	مُتْقَنٌ-مُتْقَنٌ، ةٌ 
(مفع. مِنْ أَثْبَتَ)	مُثْبَتٌ-مُثْبَتٌ ، ةٌ 
(مفع. مِنْ أَثْخَنَ)	مُثْخَنٌ-مُثْخَنٌ، ةٌ 
(مفع. مِنْ أَثْقَلَ)	مُثْقَلٌ-مُثْقَلٌ، ةٌ 
(مفع. مِنْ أَجْبَرَ)	مُجْبَرٌ-مُجْبَرٌ ، ةٌ 
(مفع. مِنْ أَجَّرَ)	مُؤَجَّرٌ-مُؤَجَّرٌ، ةٌ 
(مفع. مِنْ أَجَّلَ)	مُؤَجَّلٌ-مُؤَجَّلٌ، ةٌ 
(مفع. مِنْ أَجْمَلَ)	مُجْمَلٌ-مُجْمَلٌ، ةٌ 
(مفع. مِنْ أَجَنَّ عَلَى غَيْرِ قِيَاسٍ، أَيْ جَنَّ جُنَّ)	مَجْنُونٌ-مَجْنُونٌ، ةٌ 
(مفع. مِنْ أَجْهَضَ)	مُجْهَضٌ-مُجْهَضٌ، ةٌ 
(مفع. مِنْ أَحَاطَ)	مُحَاطٌ-مُحَاطٌ، ةٌ 
(مفع. مِنْ أَحْدَثَ)	مُحْدَثٌ-مُحْدَثٌ، ةٌ 
(مفع. مِنْ أَحْصَنَ)	مُحْصَنٌ-مُحْصَنٌ، ةٌ 
(مفع. مِنْ أَحْكَمَ)	مُحْكَمٌ-مُحْكَمٌ، ةٌ 
(مفع. مِنْ أَخَّرَ)	مُؤَخَّرٌ-مُؤَخَّرٌ، ةٌ 
(مفع. مِنْ أَدَانَ)	مُدَانٌ-مُدَانٌ ، ةٌ 
(مفع. مِنْ أَدَّبَ)	مُؤَدَّبٌ-مُؤَدَّبٌ، ةٌ 
(مفع. مِنْ أَدْرَجَ)	مُدْرَجٌ-مُدْرَجٌ ، ةٌ 
(مفع. مِنْ أَدْرَكَ)	مُدْرَكٌ-مُدْرَكٌ، ةٌ  
(مفع. مِنْ أَدْمَجَ)	مُدْمَجٌ-مُدْمَجٌ، ةٌ 
(مفع. مِنْ أَدَّى)	مُؤَدّىً-مُؤَدّىً
(مفع. مِنْ أَرَادَ)	مُرَادٌ-مُرَادٌ ، ةٌ 
(مفع. مِنْ أَرْسَلَ)	مُرْسَلٌ-مُرْسَلٌ، ةٌ 
(مفع. مِنْ أَرْغَمَ)	مُرْغَمٌ-مُرْغَمٌ، ةٌ 
(مفع. مِنْ أَرْفَقَ)	مُرْفَقٌ-مُرْفَقٌ، ةٌ 
(مفع. مِنْ أَرَّقَ)	مُؤَرَّقٌ-مُؤَرَّقٌ، ةٌ 
(مفع. مِنْ أَرْهَفَ)	مُرْهَفٌ-مُرْهَفٌ، ةٌ 
(مفع. مِنْ أَرْهَقَ)	مُرْهَقٌ-مُرْهَقٌ، ةٌ 
(مفع. مِنْ أَزَاحَ)	مُزَاحٌ-مُزَاحٌ ، ةٌ 
(مفع. مِنْ أَزْمَعَ)	مُزْمَعٌ-مُزْمَعٌ ، ةٌ 
(مفع. مِنْ أَسَبَعَ)	مُسْبَعٌ-مُسْبَعٌ ، ةٌ 
(مفع. مِن أَسْدَلَ)	مُسْدَلٌ-مُسْدَلٌ ، ةٌ 
(مفع. مِن أَسْعَدَ وَسَعَدَ)	مَسْعُودٌ-مَسْعُودٌ ، ةٌ 
(مفع. مِن أَسْعَفَ)	مُسْعَفٌ-مُسْعَفٌ ، ةٌ 
(مفع. مِن أسْهَبَ)	مُسْهَبٌ-مُسْهَبٌ، ةٌ 
(مفع. مِن أَشْبَعَ)	مُشْبَعٌ-مُشْبَعٌ ، ةٌ 
(مفع. من أصابَ)	مُصَابٌ-مُصَابٌ، ةٌ 
(مفع. مِن أَضْمَرَ)	مُضْمَرٌ-مُضْمَرٌ، ةٌ 
(مفع. من أَضْنَى)	مُضْنىً-مُضْنىً
(مفع. مِن أَطْفَأَ)	مُطْفَأٌ-مُطْفَأٌ
(مفع. من أَطْلَقَ)	مُطْلَقٌ-مُطْلَقٌ، ةٌ 
(مفع. مِن أَعَارَ)	مُعَارٌ-مُعَارٌ ، ةٌ 
(مفع. مِن أَعَاقَ)	مُعَاقٌ-مُعَاقٌ ، ةٌ 
(مفع. مِن أَعْتَقَ)	مُعْتَقٌ-مُعْتَقٌ، ةٌ 
(مفع. مِن أَعْجَبَ)	مُعْجَبٌ-مُعْجَبٌ، ةٌ 
(مفع. من أَعَدَّ)	مُعَدٌّ-مُعَدٌّ، ةٌ 
(مفع. مِن أَعْطَى)	مُعْطىً-مُعْطىً
(مفع. مِن أَعْفَى)	مُعْفىً-مُعْفىً
(مفع. مِن أَعْلَنَ)	مُعْلَنٌ-مُعْلَنٌ، ةٌ 
(مفع. مِن أَغْرَمَ)	مُغْرَمٌ-مُغْرَمٌ، ةٌ 
(مفع. مِن أَغْفَلَ)	مُغْفَلٌ-مُغْفَلٌ، ةٌ 
(مفع. مِن أَغْلَقَ)	مُغْلَقٌ-مُغْلَقٌ ، ةٌ 
(مفع. مِن أَغْمَدَ)	مُغْمَدٌ-مُغْمَدٌ ، ةٌ 
(مفع. مِن أُغْمِيَ)	مُغْمىً-مُغْمىً
(مفع. مِن أَفْحَمَ)	مُفْحَمٌ-مُفْحَمٌ، ةٌ 
(مفع. مِن أَفْرَدَ)	مُفْرَدٌ-مُفْرَدٌ، ةٌ 
(مفع. من أَفْرَغَ)	مُفْرَغٌ-مُفْرَغٌ، ةٌ 
(مفع. من أَفْعَمَ)	مُفْعَمٌ-مُفْعَمٌ، ةٌ 
(مفع. مِن أَقْعَدَ)	مُقْعَدٌ-مُقْعَدٌ، ةٌ 
(مفع. من أَقْفَلَ)	مُقْفَلٌ-مُقْفَلٌ، ةٌ 
(مفع. مِنْ أَكَّدَ)	مُؤَكَّدٌ-مُؤَكَّدٌ، ةٌ 
(مفع. من أَكْرَهَ)	مُكْرَهٌ-مُكْرَهٌ، ةٌ 
(مفع. مِنْ أَكَلَ)	مَأْكُولٌ-مَأْكُولٌ ، ةٌ 
(مفع. من أَلْجَمَ)	مُلْجَمٌ-مُلْجَمٌ، ةٌ 
(مفع. من أَلْحَقَ)	مُلْحَقٌ-مُلْحَقٌ، ةٌ 
(مفع. من أَلْزَمَ)	مُلْزَمٌ-مُلْزَمٌ، ةٌ 
(مفع. من أَلْصَقَ)	مُلْصَقٌ-مُلْصَقٌ، ةٌ 
(مفع. من أَلْغَزَ)	مُلْغَزٌ-مُلْغَزٌ، ةٌ 
(مفع. من أَلْغَى)	مُلْغىً-مُلْغىً
(مفع. مِنْ أَلِفَ)	مَأْلُوفٌ-مَأْلُوفٌ، ةٌ 
(مفع. مِنْ أَلَّفَ)	مُؤَلَّفٌ-مُؤَلَّفٌ، ةٌ 
(مفع. من أَلْقَى)	مُلْقىً-مُلْقىً
(مفع. من أَلْهَمَ)	مُلْهَمٌ-مُلْهَمٌ، ةٌ 
(مفع. مِنْ أمَرَ)	مَأْمُورٌ-مَأْمُورٌ ، ةٌ 
(مفع. مِنْ أَمَّلَ)	مُؤَمَّلٌ-مُؤَمَّلٌ ، ةٌ 
(مفع. مِنْ أَمَّمَ)	مُؤَمَّمٌ-مُؤَمَّمٌ، ةٌ 
(مفع. مِنْ أَمِنَ)	مَأْمُونٌ-مَأْمُونٌ، ةٌ 
(مفع. مِنْ أَمَّنَ)	مُؤَمَّنٌ-مُؤَمَّنٌ، ةٌ 
(مفع. مِنْ أَنَّثَ)	مُؤَنَّثٌ-مُؤَنَّثٌ، ةٌ 
(مفع. من أَنْجَزَ)	مُنْجَزٌ-مُنْجَزٌ ، ةٌ 
(مفع. من أَنْزَلَ)	مُنْزَلٌ-مُنْزَلٌ، ةٌ 
(مفع. من أَنْشَأَ)	مَنْشَأٌ-مَنْشَأٌ
(مفع. من أَنْقَعَ)	مُنْقَعٌ-مُنْقَعٌ، ةٌ 
(مفع. من أَنْكَرَ)	مُنْكَرٌ-مُنْكَرٌ، ةٌ 
(مفع. من أَنْهَكَ)	مُنْهَكٌ-مُنْهَكٌ، ةٌ 
(مفع. من أَهَانَ)	مُهَانٌ-مُهَانٌ ، ةٌ 
(مفع. من أَهْرَقَ)	مُهْرَقٌ-مُهْرَقٌ ، ةٌ 
(مفع. مِنْ أَهِلَ)	مَأْهُولٌ-مَأْهُولٌ ، ةٌ 
(مفع. مِنْ أَهَّلَ)	مُؤَهَّلٌ-مُؤَهَّلٌ، ةٌ 
(مفع. من أَهْمَلَ)	مُهْمَلٌ-مُهْمَلٌ، ةٌ 
(مفع. من أَوْثَقَ)	مُوثَقٌ-مُوثَقٌ ، ةٌ 
(مفع. من أَوْجَبَ)	مُوجَبٌ-مُوجَبٌ، ةٌ 
(مفع. من أَوْجَزَ)	مُوجَزٌ-مُوجَزٌ، ةٌ 
(مفع. من أَوْحَى)	مُوحىً-مُوحىً
(مفع. من أَوْدَعَ)	مُودَعٌ-مُودَعٌ، ةٌ 
(مفع. من أَوْصَى)	مُوصىً-مُوصىً
(مفع. من أَوْفَدَ)	مُوفَدٌ-مُوفَدٌ، ةٌ 
(مفع. من أَوْلَعَ)	مُولَعٌ-مُولَعٌ، ةٌ 
(مفع. من أَوْمَأَ)	مُومَأٌ-مُومَأٌ 
(مفع. من أَوْهَنَ)	مُوهَنٌ-مُوهَنٌ، ةٌ 
(مفع. مِنْ أَيَّدَ)	مُؤَيَّدٌ-مُؤَيَّدٌ، ةٌ 
(مفع. مِن اِئْتَمَنَ)	مُؤْتَمَنٌ-مُؤْتَمَنٌ، ةٌ 
(مفع. من ابتدع)	مُبتدَعٌ-مُبتدَعٌ، ة
(مفع. مِن اِبْتَذَلَ)	مُبْتَذَلٌ-مُبْتَذَلٌ، ةٌ 
(مفع. مِن اِبْتَسَرَ)	مُبْتَسَرٌ-مُبْتَسَرٌ، ةٌ 
(مفع. مِن اِبْتَغَى)	مُبْتَغىً-مُبْتَغىً
(مفع. مِن اِبْتَكَرَ)	مُبْتَكَرٌ-مُبْتَكَرٌ ، ةٌ 
(مفع. مِن اِبْتَلَّ)	مُبْتَلٌّ-مُبْتَلٌّ، ةٌ  
(مفع. مِن ابْتَلَى)	مُبْتَلىً-مُبْتَلىً
(مفع. مِن اِتَّبَعَ)	مُتَّبَعٌ-مُتَّبَعٌ، ةٌ 
(مفع. مِن اِتَّجَهَ)	مُتَّجَهٌ-مُتَّجَهٌ، ةٌ  
(مفع. مِن اِتَّسَع)	مُتَّسَعٌ-مُتَّسَعٌ، ةٌ 
(مفع. مِن اِتَّفَقَ)	مُتَّفَقٌ-مُتَّفَقٌ 
(مفع. مِن اِتَّكَأَ)	مُتَّكَأٌ-مُتَّكَأٌ 
(مفع. مِن اِتَّهَمَ)	مُتَّهَمٌ-مُتَّهَمٌ ، ةٌ 
(مفع. من اِجْتَثَّ)	مُجْتَثٌّ-مُجْتَثٌّ، ةٌ 
(مفع. مِن اِجْتَمَعَ)	مُجْتَمَعٌ-مُجْتَمَعٌ ، ةٌ 
(مفع. مِن اِحْتَرَمَ)	مُحْتَرَمٌ-مُحْتَرَمٌ، ةٌ 
(مفع. مِن اِحْتَسَبَ)	مُحْتَسَبٌ-مُحْتَسَبٌ، ةٌ 
(مفع. مِن اِحْتَضَرَ)	مُحْتَضَرٌ-مُحْتَضَرٌ، ةٌ 
(مفع. مِن اِحْتَفَلَ)	مُحْتَفَلٌ-مُحْتَفَلٌ، ةٌ 
(مفع. مِن اِحْتَقَرَ)	مُحْتَقَرٌ-مُحْتَقَرٌ، ةٌ 
(مفع. مِن اِحْتَكَرَ)	مُحْتَكَرٌ-مُحْتَكَرٌ، ةٌ 
(مفع. مِن اِحْتَلَّ)	مُحْتَلٌّ-مُحْتَلٌّ، ةٌ 
(مفع. مِن اِحْتَمَلَ)	مُحْتَمَلٌ-مُحْتَمَلٌ، ةٌ 
(مفع. مِن اِحْدَوْدَبَ)	مُحْدَوْدَبٌ-مُحْدَوْدَبٌ، ةٌ 
(مفع. مِن اِخْتَارَ)	مُخْتَارٌ-مُخْتَارٌ، ةٌ 
(مفع. مِن اِخْتَرَعَ)	مُخْتَرَعٌ-مُخْتَرَعٌ ، ةٌ 
(مفع. مِن اِخْتَزَلَ)	مُخْتَزَلٌ-مُخْتَزَلٌ، ةٌ 
(مفع. مِن اِخْتَصَرَ)	مُخْتَصَرٌ-مُخْتَصَرٌ، ةٌ 
(مفع. مِن اِخْتَلَّ)	مُخْتَلٌّ-مُخْتَلٌّ، ةٌ 
(مفع. مِن اِخْتَلَفَ)	مُخْتَلَفٌ-مُخْتَلَفٌ ، ةٌ 
(مفع. مِن اِخْتَلَقَ)	مُخْتَلَقٌ-مُخْتَلَقٌ، ةٌ 
(مفع. مِن اِدَّثَّرَ)	مُدَّثَّرٌ-مُدَّثَّرٌ، ةٌ 
(مفع. مِن اِدَّعَى)	مُدَّعًى-مُدَّعًى
(مفع. مِن اِرْتَجَعَ)	مُرْتَجَعٌ-مُرْتَجَعٌ ، ةٌ 
(مفع. مِن اِرْتَجَلَ)	مُرْتَجَلٌ-مُرْتَجَلٌ، ةٌ 
(مفع. مِن اِرْتَحَلَ)	مُرْتَحَلٌ-مُرْتَحَلٌ ، ةٌ 
(مفع. مِن اِرْتَفَعَ)	مُرْتَفَعٌ-مُرْتَفَعٌ ، ةٌ 
(مفع. مِن اِرْتَقَبَ)	مُرْتَقَبٌ-مُرْتَقَبٌ، ةٌ 
(مفع. مِن اِرْتَقَعَ)	مُرْتَقَعٌ-مُرْتَقَعٌ ، ةٌ 
(مفع. مِن اِرْتَقَى)	مُرْتَقىً-مُرْتَقىً 
(مفع. مِن اِرْتَكَبَ)	مُرْتَكَبٌ-مُرْتَكَبٌ، ةٌ  
(مفع. مِن اِرْتَكَزَ)	مُرْتَكَزٌ-مُرْتَكَزٌ ، ةٌ 
(مفع. مِن اِزْدَحَمَ)	مُزْدَحَمٌ-مُزْدَحَمٌ، ةٌ 
(مفع. مِن اِسْتَبَاحَ)	مُسْتَبَاحٌ-مُسْتَبَاحٌ، ةٌ 
(مفع. مِن اِسْتَبْعَدَ)	مُسْتَبْعَدٌ-مُسْتَبْعَدٌ، ةٌ 
(مفع. مِن اِسْتَثْنَى)	مُسْتَثْنىً-مُسْتَثْنىً
(مفع. مِن اِسْتَجَابَ)	مُسْتَجَابٌ-مُسْتَجَابٌ، ةٌ 
(مفع. مِن اِسْتَجَدَّ)	مُسْتَجَدٌّ-مُسْتَجَدٌّ، ةٌ 
(مفع. مِن اِسْتَجْوَبَ)	مُسْتَجْوَبٌ-مُسْتَجْوَبٌ، ةٌ 
(مفع. مِن اِسْتَحْدَثَ)	مُسْتَحْدَثٌ-مُسْتَحْدَثٌ ، ةٌ 
(مفع. مِن اِسْتَحْسَنَ)	مُسْتَحْسَنٌ-مُسْتَحْسَنٌ، ةٌ 
(مفع. مِن اِسْتَحْضَرَ)	مُسْتَحْضَرٌ-مُسْتَحْضَرٌ ، ةٌ 
(مفع. مِن اِسْتَحَقَّ)	مُسْتَحَقٌّ-مُسْتَحَقٌّ ، ةٌ 
(مفع. مِن اِسْتَحْكَمَ)	مُسْتَحْكَمٌ-مُسْتَحْكَمٌ، ةٌ 
(مفع. مِن اِسْتَحْلَبَ)	مُسْتَحْلَبٌ-مُسْتَحْلَبٌ ، ةٌ 
(مفع. مِن اِسْتَحَمَّ)	مُسْتَحَمٌّ-مُسْتَحَمٌّ ، ةٌ 
(مفع. مِن اِسْتَخْدَمَ)	مُسْتَخْدَمٌ-مُسْتَخْدَمٌ، ةٌ 
(مفع. مِن اِسْتَخْرَجَ)	مُسْتَخْرَجٌ-مُسْتَخْرَجٌ، ةٌ 
(مفع. مِن اِسْتَخْلَصَ)	مُسْتَخْلَصٌ-مُسْتَخْلَصٌ، ةٌ 
(مفع. مِن اِسْتَدَارَ)	مُسْتَدِيرٌ-مُسْتَدِيرٌ، ةٌ 
(مفع. مِن اِسْتَدَقَّ)	مُسْتَدَقٌّ-مُسْتَدَقٌّ ، ةٌ 
(مفع. مِن اِسْتَدَلَّ)	مُسْتَدَلٌّ-مُسْتَدَلٌّ، ةٌ 
(مفع. مِن اِسْتَرَقَّ)	مُسْتَرَقٌّ-مُسْتَرَقٌّ ، ةٌ 
(مفع. من اِسْتَسَاغَ)	مُسْتَسَاغٌ-مُسْتَسَاغٌ، ةٌ 
(مفع. مِن اِسْتَشَارَ)	مُسْتَشَارٌ-مُسْتَشَارٌ، ةٌ 
(مفع. مِنْ اِسْتَشْفَى)	مُسْتَشْفىً-مُسْتَشْفىً
(مفع. من اِسْتَطَاعَ)	مُسْتَطَاعٌ-مُسْتَطَاعٌ ، ةٌ 
(مفع. مِن اِسْتَعَارَ)	مُسْتَعَارٌ-مُسْتَعَارٌ، ةٌ 
(مفع. مِن اِسْتَعَانَ)	مُسْتَعَانٌ-مُسْتَعَانٌ ، ةٌ 
(مفع. مِن اِسْتَعْبَدَ)	مُسْتَعْبَدُ-مُسْتَعْبَدُ، ةٌ 
(مفع. مِن اِسْتَعْجَلَ)	مُسْتَعْجَلٌ-مُسْتَعْجَلٌ، ةٌ 
(مفع. مِن اِسْتَعْجَمَ)	مُسْتَعْجَمٌ-مُسْتَعْجَمٌ، ةٌ 
(مفع. مِن اِسْتَعْمَرَ).	مُسْتَعْمَرٌ-مُسْتَعْمَرٌ ، ةٌ 
(مفع. مِن اِسْتَعْمَلَ)	مُسْتَعْمَلٌ-مُسْتَعْمَلٌ، ةٌ 
(مفع. مِن اِسْتَغَلَّ)	مُسْتَغَلٌّ-مُسْتَغَلٌّ، ةٌ 
(مفع. من اِسْتَقْبَلَ) (الآتِي مِنَ الزَّمَانِ)	مُسْتَقْبَلٌ-مُسْتَقْبَلٌ ، ةٌ 
(مفع. من اِسْتَقَرَّ)	مُسْتَقَرٌّ-مُسْتَقَرٌّ ، ةٌ 
(مفع. مِن اِسْتَكْشَفَ)	مُسْتَكْشَفٌ-مُسْتَكْشَفٌ، ةٌ 
(مفع. مِن اِسْتَلَبَ)	مُسْتَلَبٌ-مُسْتَلَبٌ، ةٌ 
(مفع. من اِسْتَلْزَمَ)	مُسْتَلْزَمٌ-مُسْتَلْزَمٌ، ةٌ  
(مفع. مِن اِسْتَمَدَّ)	مُسْتَمَدٌّ-مُسْتَمَدٌّ، ةٌ 
(مفع. مِن اِسْتَمْطَرَ)	مُسْتَمْطَرٌ-مُسْتَمْطَرٌ، ةٌ 
(مفع. مِن اِسْتَمْلَحَ)	مُسْتَمْلَحٌ-مُسْتَمْلَحٌ، ةٌ 
(مفع. من اِسْتَنْبَتَ)	مُسْتَنْبَتٌ-مُسْتَنْبَتٌ ، ةٌ 
(مفع. مِن اِسْتَنْجَعَ)	مُسْتَنْجَعٌ-مُسْتَنْجَعٌ ، ةٌ 
(مفع. مِن اِسْتَنَدَ)	مُسْتَنَدٌ-مُسْتَنَدٌ ، ةٌ 
(مفع. مِن اِسْتَنْزَفَ)	مُسْتَنْزَفٌ-مُسْتَنْزَفٌ، ةٌ 
(مفع. من اِسْتَنْسَخَ)	مُسْتَنْسَخٌ-مُسْتَنْسَخٌ ، ةٌ 
(مفع. من اِسْتَنْشَقَ)	مُسْتَنْشَقٌ-مُسْتَنْشَقٌ ، ةٌ 
(مفع. من اِسْتَنْفَرَ)	مُسْتَنْفَرٌ-مُسْتَنْفَرٌ، ةٌ 
(مفع. مِن اِسْتَنْقَعَ)	مُسْتَنْقَعٌ-مُسْتَنْقَعٌ ، ةٌ 
(مفع. مِن اِسْتَنْكَرَ)	مُسْتَنْكَرٌ-مُسْتَنْكَرٌ، ةٌ 
(مفع. مِن اِسْتَهْجَنَ)	مُسْتَهْجَنٌ-مُسْتَهْجَنٌ، ةٌ 
(مفع. من اِسْتَهَلَّ)	مُسْتَهَلٌّ-مُسْتَهَلٌّ ، ةٌ 
(مفع. من اِسْتَهْلَكَ)	مُسْتَهْلَكٌ-مُسْتَهْلَكٌ، ةٌ 
(مفع. مِن اِسْتَوْدَعَ)	مُسْتَوْدَعٌ-مُسْتَوْدَعٌ ، ةٌ 
(مفع. مِن اِسْتَوْرَدَ)	مُسْتَوْرَدٌ-مُسْتَوْرَدٌ، ةٌ 
(مفع. مِن اِسْتَوْصَفَ)	مُسْتَوْصَفٌ-مُسْتَوْصَفٌ ، ة
(مفع. مِن اِسْتَوْلَى)	مُسْتَوْلَى-مُسْتَوْلًى
(مفع. مِن اِسْتَوَى)	مُسْتَوى-مُسْتَوى
(مفع. مِن اِشْتَبَهَ)	مُشْتَبَهٌ-مُشْتَبَهٌ
(مفع. مِن اِشْتَرَكَ)	مُشْتَرَكٌ-مُشْتَرَكٌ، ةٌ 
(مفع. مِن اِشْتَقَّ)	مُشْتَقٌّ-مُشْتَقٌّ ، ةٌ 
(مفع. مِن اِشْتَكَى)	مُشْتَكًى-مُشْتَكًى
(مفع. مِن اِشْتَهَى)	مُشْتَهًى-مُشْتَهًى
(مفع. مِن اِصْطَفَى)	مُصْطَفىً-مُصْطَفىً 
(مفع. مِنِ اِصْطَلَحَ)	مُصْطَلَحٌ-مُصْطَلَحٌ ، ةٌ 
(مفع. مِن اِضْطَرَّ)	مُضْطَرٌّ-مُضْطَرٌّ، ةٌ 
(مفع. مِن اِضْطَهَدَ)	مُضْطَهَدٌ-مُضْطَهَدٌ، ةٌ 
(مفع. مِن اِعْتَبَرَ)	مُعْتَبَرٌ-مُعْتَبَرٌ، ةٌ 
(مفع. مِن اِعْتَرَفَ)	مُعْتَرَفٌ-مُعْتَرَفٌ، ةٌ 
(مفع. مِن اِعْتَرَكَ)	مُعْتَرَكٌ-مُعْتَرَكٌ ، ةٌ 
(مفع. مِن اِعْتَصَمَ)	مُعْتَصَمٌ-مُعْتَصَمٌ ، ةٌ 
(مفع. مِن اِعْتَقَدَ)	مُعْتَقَدٌ-مُعْتَقَدٌ ، ةٌ 
(مفع. مِن اِعْتَقَلَ)	مُعْتَقَلٌ-مُعْتَقَلٌ، ةٌ 
(مفع. مِن اِعْتَلَّ)	مُعْتَلٌّ-مُعْتَلٌّ، ةٌ 
(مفع. مِن اِعْتَمَدَ)	مُعْتَمَدٌ-مُعْتَمَدٌ، ةٌ 
(مفع. مِن اِغْتَالَ)	مُغْتَالٌ-مُغْتَالٌ، ةٌ 
(مفع. مِن اِغْتَصَبَ)	مُغْتَصَبٌ-مُغْتَصَبٌ، ةٌ 
(مفع. مِن اِفْتَرَضَ)	مُفْتَرَضٌ-مُفْتَرَضٌ، ةٌ 
(مفع. مِن اِفْتَرَقَ)	مُفْتَرَقٌ-مُفْتَرَقٌ ، ةٌ 
(مفع. مِن اِفْتَعَلَ)	مُفْتَعَلٌ-مُفْتَعَلٌ، ةٌ 
(مفع. من اِقْتَبَسَ)	مُقْتَبَسٌ-مُقْتَبَسٌ، ةٌ 
(مفع. من اِقْتَحَمَ)	مُقْتَحَمٌ-مُقْتَحَمٌ، ةٌ 
(مفع. من اِقْتَرَحَ)	مُقْتَرَحٌ-مُقْتَرَحٌ ، ةٌ 
(مفع. من اِقْتَرَضَ)	مُقْتَرَضٌ-مُقْتَرَضٌ، ةٌ 
(مفع. من اِقْتَضَبَ)	مُقْتَضَبٌ-مُقْتَضَبٌ، ةٌ 
(مفع. من اِقْتَضَى)	مُقْتَضىً-مُقْتَضىً
(مفع. من اِقْتَطَعَ)	مُقْتَطَعٌ-مُقْتَطَعٌ، ةٌ 
(مفع. من اِقْتَطَفَ)	مُقْتَطَفٌ-مُقْتَطَفٌ، ةٌ 
(مفع. من اِقْتَلَعَ)	مُقْتَلَعٌ-مُقْتَلَعٌ، ةٌ 
(مفع. من اِكْتَسَبَ)	مُكْتَسَبٌ-مُكْتَسَبٌ، ةٌ 
(مفع. من اِكْتَسَحَ)	مُكْتَسَحٌ-مُكْتَسَحٌ، ةٌ 
(مفع. من اِكْتَظَّ)	مُكْتَظٌّ-مُكْتَظٌّ، ةٌ 
(مفع. من اِكْتَنَفَ)	مُكْتَنَفٌ-مُكْتَنَفٌ، ةٌ 
(مفع. من اِلْتَاعَ)	مُلْتَاعٌ-مُلْتَاعٌ، ةٌ 
(مفع. من اِلْتَفَّ)	مُلْتَفٌّ-مُلْتَفٌّ، ةٌ 
(مفع. من اِمْتَحَنَ)	مُمْتَحَنٌ-مُمْتَحَنٌ، ةٌ 
(مفع. من اِمْتَلَكَ)	مُمْتَلَكٌ-مُمْتَلَكٌ ، ةٌ 
(مفع. من اِمْتَهَنَ)	مُمْتَهَنٌ-مُمْتَهَنٌ، ةٌ 
(مفع. من اِنْتَجَعَ)	مُنْتَجَعٌ-مُنْتَجَعٌ ، ةٌ 
(مفع. من اِنْتَحَلَ)	مُنْتَحَلٌ-مُنْتَحَلٌ ، ةٌ 
(مفع. من اِنْتَخَبَ)	مُنْتَخَبٌ-مُنْتَخَبٌ ، ةٌ 
(مفع. من اِنْتَدَبَ)	مُنْتَدَبٌ-مُنْتَدَبٌ، ةٌ 
(مفع. من اِنْتَصَفَ)	مُنْتَصَفٌ-مُنْتَصَفٌ ، ةٌ 
(مفع. من اِنْتَقَدَ)	مُنْتَقَدٌ-مُنْتَقَدٌ، ةٌ 
(مفع. من اِنْتَقَى)	مُنْتَقىً-مُنْتَقىً
(مفع. من اِنْتَهَكَ)	مُنْتَهَكٌ-مُنْتَهَكٌ، ةٌ 
(مفع. من اِنْتَهَى)	مُنْتَهىً-مُنْتَهىً
(مفع. مِن اِنْحَدَرَ)	مُنْحَدَرٌ-مُنْحَدَرٌ ، ةٌ 
(مفع. من اِنْسَلَخَ)	مُنْسَلَخٌ-مُنْسَلَخٌ ، ةٌ 
(مفع. من اِنْصَرَفَ)	مُنْصَرَفٌ-مُنْصَرَفٌ ، ةٌ 
(مفع. من اِنْضَمَّ)	مُنْضَمٌّ-مُنْضَمٌّ، ةٌ 
(مفع. مِن اِنْطَلَقَ)	مُنْطَلَقٌ-مُنْطَلَقٌ ، ةٌ 
(مفع. مِن اِنْعَرَجَ)	مُنْعَرَجٌ-مُنْعَرَجٌ ، ةٌ 
(مفع. مِن اِنْعَكَسَ)	مُنْعَكَسٌ-مُنْعَكَسٌ، ةٌ 
(مفع. من اِنْقَلَبَ)	مُنْقَلَبٌ-مُنْقَلَبٌ، ةٌ 
(مفع. مِنْ بَاعَ)	مَبِيعٌ-مَبِيعٌ ، ةٌ 
(مفع. مِنْ بَتَرَ)	مَبْتُورٌ-مَبْتُورٌ، ةٌ 
(مفع. مِنْ بَثَرَ)	مَبْثُورٌ-مَبْثُورٌ ، ةٌ 
(مفع. من بجل)	مبجلٌّ-مبجلٌّ، ة
(مفع. مِنْ بَحَّ)	مَبْحُوحٌ-مَبْحُوحٌ، ةٌ 
(مفع. من بخر)	متبخرٌ-متبخرٌ، ة
(مفع. من برد)	مبرَّد-مبرَّد، ة
(مفع. من بَرَّدَ)	مُبَرَّدٌ-مُبَرَّدٌ ، ة
(مفع. مِنْ بَرَّرَ)	مُبَرَّرٌ-مُبَرَّرٌ، ةٌ 
(مفع. مِنْ بَرَّزَ)	مُبَرَّزٌ-مُبَرَّزٌ، ة 
(مفع. من برعم)	مبرعمٌ-مبرعمٌ، ة
(مفع. من برقش)	مُبَرْقَشٌ-مُبَرْقَشٌ ، ة
(مفع. مِنْ بَرَمَ)	مَبْرُومٌ-مَبْرُومٌ، ةٌ 
(مفع. مِنْ بَرَّمَ)	مُبرَمٌ-مُبرَمٌ، ة
(مفع. مِنْ بَرْمَجَ)	مُبَرْمَجٌ-مُبَرْمَجٌ ، ة 
(مفع. مِنْ بَرْهَنَ)	مُبَرْهَنٌ-مُبَرْهَنٌ ، ة 
(مفع. مِنْ بَرَى)	مَبْرِيٌّ-مَبْرِيٌّ، ةٌ 
(مفع. مِنْ بَسَطَ)	مَبْسُوطٌ-مَبْسُوطٌ، ةٌ 
(مفع. مِنْ بَسَّطَ)	مُبَسَّطٌ-مُبَسَّطٌ، ةٌ 
(مفع. مِنْ بَشَرَ)	مَبْشُورٌ-مَبْشُورٌ، ةٌ 
(مفع. مِنْ بَطَّنَ)	مُبَطَّنٌ-مُبَطَّنٌ، ةٌ 
(مفع. مِنْ بَعَثَ)	مَبْعُوثٌ-مَبْعُوثٌ، ةٌ 
(مفع. مِنْ بَعْثَرَ)	مُبَعْثَرٌ-مُبَعْثَرٌ، ةٌ 
(مفع. مِنْ بَغَى)	مَبْغىً-مَبْغىً
(مفع. مِنْ بَلَّطَ)	مُبَلَّطٌ-مُبَلَّطٌ، ةٌ 
(مفع. مِنْ بَلَّغَ)	مُبَلَّغٌ-مُبَلَّغٌ ، ة 
(مفع. مِنْ بَلَّلَ)	مُبَلَّلٌ-مُبَلَّلٌ، ةٌ 
(مفع. مِنْ بَنَّجَ)	مُبَنَّجٌ-مُبَنَّجٌ، ةٌ 
(مفع. مِنْ بَنَى)	مَبْنِيٌّ-مَبْنِيٌّ، ةٌ 
(مفع. مِنْ بَهَرَ)	مَبْهُورٌ-مَبْهُورٌ ، ة 
(مفع. مِنْ بَيَّنَ)	مُبَيَّنٌ-مُبَيَّنٌ ، ة 
(مفع. مِنْ تَابَعَ)	مُتَابَعٌ-مُتَابَعٌ، ةٌ 
(مفع. مِنْ تَبَادَلَ)	مُتَبَادَلٌ-مُتَبَادَلٌ، ةٌ 
(مفع. من تبرعم)	متبرعمٌ-متبرعمٌ، ة
(مفع. مِنْ تَبَّلَ)	مُتَبَّلٌ-مُتَبَّلٌ ، ة 
(مفع. مِنْ تَبَنَّى)	مُتَبَنّىً-مُتَبَنّىً
(مفع. مِنْ تَجَاوَزَ)	مُتَجَاوَزٌ-مُتَجَاوَزٌ، ةٌ 
(مفع. مِنْ تَدَاوَلَ)	مُتَدَاوَلٌ-مُتَدَاوَلٌ، ةٌ 
(مفع. مِنْ تَرَكَ)	مَتْرُوكٌ-مَتْرُوكٌ، ةٌ 
(مفع. مِنْ تَعَارَفَ)	مُتَعَارَفٌ-مُتَعَارَفٌ، ةٌ 
(مفع. مِنْ تَعَبَّدَ)	مُتَعَبَّدٌ-مُتَعَبَّدٌ ، ة
(مفع. مِنْ تَعِسَ)	مَتْعُوسٌ-مَتْعُوسٌ، ةٌ 
(مفع. مِنْ تَكَلَّمَ)	مُتَكَلَّمٌ-مُتَكَلَّمٌ  ، ة
(مفع. مِنْ تَنَاوَلَ)	مُتَنَاوَلٌ-مُتَنَاوَلٌ، ةٌ 
(مفع. مِنْ تَنَزَّهَ)	مُتَنَزَّهٌ-مُتَنَزَّهٌ ، ة 
(مفع. مِنْ تَنَصَّحَ)	مُتَنَصَّحٌ-مُتَنَصَّحٌ  ، ة
(مفع. مِنْ تَنَفَّسَ)	مُتَنَفَّسٌ-مُتَنَفَّسٌ  ، ة
(مفع. مِنْ تَوَفَّى)	مُتَوَفّىً-مُتَوَفّىً
(مفع. مِنْ تَوَقَّعَ)	مُتَوَقَّعٌ-مُتَوَقَّعٌ  ، ة
(مفع. مِنْ تَيَّمَ)	مُتَيَّمٌ-مُتَيَّمٌ، ةٌ 
(مفع. مِنْ ثَبَّتَ)	مُثَبَّتٌ-مُثَبَّتٌ، ةٌ 
(مفع. من ثَردَ)	مَثْرودٌ-مَثْرودٌ  ، ة
(مفع. مِنْ ثَقَّفَ)	مُثَقَّفٌ-مُثَقَّفٌ، ةٌ 
(مفع. مِنْ ثَلَّثَ)	مُثَلَّثٌ-مُثَلَّثٌ، ةٌ 
(مفع. مِنْ ثَلَّجَ)	مُثَلَّجٌ-مُثَلَّجٌ، ةٌ 
(مفع. مِنْ ثَمَّنَ)	مُثَمَّنٌ-مُثَمَّنٌ  ، ة
(مفع. مِنْ ثَنَى)	مُثَنًّى-مُثَنًّى
(مفع. مِنْ جَبَرَ)	مَجْبُورٌ-مَجْبُورٌ  ، ة
(مفع. مِنْ جَبَّرَ)	مُجَبَّرٌ-مُجَبَّرٌ  ، ة
(مفع. مِنْ جَبَلَ)	مَجْبُولٌ-مَجْبُولٌ  ، ة
(مفع. مِنْ جَدَّدَ)	مُجَدَّدُ-مُجَدَّدُ، ةٌ 
(مفع. مِنْ جَدُرَ)	مَجْدُورٌ-مَجْدُورٌ، ةٌ 
(مفع. مِنْ جَدَّرَ)	مُجَدَّرٌ-مُجَدَّرٌ، ةٌ 
(مفع. مِنْ جَدَلَ)	مَجْدُولٌ-مَجْدُولٌ، ةٌ 
(مفع. مِنْ جَذَبَ)	مَجْذُوبٌ-مَجْذُوبٌ، ةٌ 
(مفع. مِنْ جَذَرَ)	مَجْذُورٌ-مَجْذُورٌ  ، ة
(مفع. مِنْ جَذَمَ)	مَجْذُومٌ-مَجْذُومٌ، ةٌ 
(مفع. مِنْ جَرَّ)	مَجْرُورٌ-مَجْرُورٌ  ، ة
(مفع. مِنْ جَرَّبَ)	مُجَرَّبٌ-مُجَرَّبٌ، ةٌ 
(مفع. مِنْ جَرَحَ)	مَجْرُوحٌ-مَجْرُوحٌ، ةٌ 
(مفع. مِنْ جَرَّدَ)	مُجَرَّدٌ-مُجَرَّدٌ، ةٌ 
(مفع. مِنْ جَزَّأَ)	مُجَزَّأٌ-مُجَزَّأٌ
(مفع. مِنْ جَسَّدَ)	مُجَسَّدٌ-مُجَسَّدٌ، ةٌ 
(مفع. مِنْ جَسَّمَ)	مُجَسَّمٌ-مُجَسَّمٌ، ةٌ 
(مفع. مِنْ جَعَّدَ)	مُجَعَّدٌ-مُجَعَّدٌ، ةٌ 
(مفع. مِنْ جَفَّفَ)	مُجَفَّفٌ-مُجَفَّفٌ، ةٌ 
(مفع. مِنْ جَلْجَلَ)	مُجَلْجَلٌ-مُجَلْجَلٌ، ةٌ 
(مفع. مِنْ جَلَّدَ)	مُجَلَّدٌ-مُجَلَّدٌ  ، ة
(مفع. مِنْ جَمَّدَ)	مُجَمَّدٌ-مُجَمَّدٌ، ةٌ 
(مفع. مِنْ جَمَّرَ)	مُجَمَّرٌ-مُجَمَّرٌ  ، ة
(مفع. مِنْ جَمَّعَ)	مُجَمَّعٌ-مُجَمَّعٌ  ، ة
(مفع. مِنْ جَنَّحَ)	مُجَنَّحٌ-مُجَنَّحٌ، ةٌ 
(مفع. مِنْ جَنَى)	مَجْنِيٌّ-مَجْنِيٌّ، ةٌ 
(مفع. مِنْ جَهَدَ)	مَجْهُودٌ-مَجْهُودٌ  ، ة
(مفع. مِنْ جَهَّزَ)	مُجَهَّزٌ-مُجَهَّزٌ، ةٌ 
(مفع. مِنْ جَهِلَ)	مَجْهُولٌ-مَجْهُولٌ، ةٌ 
(مفع. مِنْ جَوَّفَ)	مُجَوَّفٌ-مُجَوَّفٌ، ةٌ 
(مفع. مِنْ جَيَّرَ)	مُجَيَّرٌ-مُجَيَّرٌ، ةٌ 
(مفع. مِنْ حَاصَرَ)	مُحَاصَرٌ-مُحَاصَرٌ، ةٌ 
(مفع. مِنْ حَبَّ)	مَحْبُوبٌ-مَحْبُوبٌ، ةٌ 
(مفع. مِنْ حَبَّبَ)	مُحَبَّبٌ-مُحَبَّبٌ، ةٌ 
(مفع. مِن حَبَّرَ)	مُحَبَّرٌ-مُحَبَّرٌ، ةٌ 
(مفع. مِنْ حَبَسَ)	مَحْبُوسٌ-مَحْبُوسٌ، ةٌ 
(مفع. مِنْ حَبَكَ)	مَحْبُوكٌ-مَحْبُوكٌ، ةٌ 
(مفع. مِنْ حَتَمَ)	مَحْتُومٌ-مَحْتُومٌ  ، ة
(مفع. مِنْ حَجَبَ)	مَحْجُوبٌ-مَحْجُوبٌ، ةٌ 
(مفع. مِنْ حَجَّبَ)	مُحَجَّبٌ-مُحَجَّبٌ، ةٌ 
(مفع. مِنْ حَجَرَ)	مَحْجُورٌ-مَحْجُورٌ، ةٌ 
(مفع. مِنْ حَجَزَ)	مَحْجُوزٌ-مَحْجُوزٌ، ةٌ 
(مفع. مِن حَجَّلَ)	مُحَجَّلٌ-مُحَجَّلٌ  ، ة
(مفع. مِنْ حَدَّ)	مَحْدُودٌ-مَحْدُودٌ، ةٌ 
(مفع. مِنْ حَدَّبَ)	مُحَدَّبٌ-مُحَدَّبٌ، ةٌ 
(مفع. مِنْ حَدَّدَ)	مُحَدَّدٌ-مُحَدَّدٌ، ةٌ 
(مفع. مِنْ حَذَفَ)	مَحْذُوفٌ-مَحْذُوفٌ، ةٌ 
(مفع. مِنْ حَرَّ)	مَحْرُورٌ-مَحْرُورٌ، ةٌ 
(مفع. مِنْ حَرَّرَ)	مُحَرَّرٌ-مُحَرَّرٌ، ةٌ 
(مفع. مِنْ حَرَسَ)	مَحْرُوسٌ-مَحْرُوسٌ، ةٌ 
(مفع. مِنْ حَرَقَ)	مَحْرُوقٌ-مَحْرُوقٌ، ةٌ 
(مفع. مِنْ حَرَمَ)	مَحْرُومٌ-مَحْرُومٌ، ةٌ 
(مفع. مِنْ حَرَّمَ)	مُحَرَّمٌ-مُحَرَّمٌ  ، ة
(مفع. مِنْ حَزَنَ)	مَحْزُونٌ-مَحْزُونٌ، ةٌ 
(مفع. مِنْ حَسَّ)	مَحْسُوسٌ-مَحْسُوسٌ، ةٌ 
(مفع. مِنْ حَسَبَ)	مَحْسُوبٌ-مَحْسُوبٌ، ةٌ 
(مفع. مِنْ حَسَدَ)	مَحْسُودٌ-مَحْسُودٌ، ةٌ 
(مفع. مِنْ حَسَمَ)	مَحْسُومٌ-مَحْسُومٌ، ةٌ 
(مفع. مِنْ حَشَّى)	مُحَشّىً-مُحَشّىً
(مفع. مِنْ حَصَرَ)	مَحْصُورٌ-مَحْصُورٌ، ةٌ 
(مفع. مِنْ حَصَلَ)	مَحْصُولٌ-مَحْصُولٌ  ، ة
(مفع. مِنْ حَصَّنَ)	مُحَصَّنٌ-مُحَصَّنٌ، ةٌ 
(مفع. مِنْ حَطَّمَ)	مُحَطَّمٌ-مُحَطَّمٌ، ةٌ 
(مفع. مِنْ حَظَّ)	مَحْظُوظٌ-مَحْظُوظٌ، ةٌ 
(مفع. مِنْ حَظَرَ)	مَحْظُورٌ-مَحْظُورٌ  ، ة
(مفع. مِنْ حَفَّ)	مَحْفُوفٌ-مَحْفُوفٌ، ةٌ 
(مفع. مِنْ حَفَرَ)	مَحْفُورٌ-مَحْفُورٌ ، ة
(مفع. مِنْ حَفِظَ)	مَحْفُوظٌ-مَحْفُوظٌ، ةٌ 
(مفع. مِنْ حَقَّقَ)	مُحَقَّقٌ-مُحَقَّقٌ، ةٌ 
(مفع. مِنْ حَكَمَ)	مَحْكُومٌ-مَحْكُومٌ، ةٌ 
(مفع. مِنْ حَكَّمَ)	مُحَكَّمٌ-مُحَكَّمٌ، ةٌ 
(مفع. مِنْ حَلَّ)	مَحْلُولٌ-مَحْلُولٌ، ةٌ 
(مفع. مِنْ حَلَجَ)	مَحْلُوجٌ-مَحْلُوجٌ  ، ة
(مفع. مِنْ حَلَّفَ)	مُحَلَّفٌ-مُحَلَّفٌ، ةٌ 
(مفع. مِنْ حَمَّ)	مَحْمُومٌ-مَحْمُومٌ  ، ة
(مفع. مِنْ حَمِدَ)	مَحْمُودٌ-مَحْمُودٌ، ةٌ 
(مفع. مِنْ حَمَّدَ)	مُحَمَّدٌ-مُحَمَّدٌ
(مفع. مِنْ حَمَلَ)	مَحْمُولٌ-مَحْمُولٌ  ، ة
(مفع. مِنْ حَمَى)	مَحْمِيٌّ-مَحْمِيٌّ، ةٌ 
(مفع. مِنْ حَنَّكَ)	مُحَنَّكٌ-مُحَنَّكٌ  ، ة
(مفع. مِنْ حَيَّرَ)	مُحَيَّرٌ-مُحَيَّرٌ، ةٌ 
(مفع. مِنْ خَاطَبَ)	مُخَاطَبٌ-مُخَاطَبٌ، ةٌ 
(مفع. مِنْ خَافَ)	مَخُوفٌ-مَخُوفٌ  ، ة
(مفع. مِنْ خَبَّأَ)	مَخْبُوءٌ-مَخْبُوءٌ 
(مفع. مِنْ خَبَلَ)	مَخْبُولٌ-مَخْبُولٌ، ةٌ 
(مفع. مِنْ خَتَمَ)	مَخْتُومٌ-مَخْتُومٌ، ةٌ 
(مفع. مِنْ خَتَنَ)	مَخْتُونٌ-مَخْتُونٌ  ، ة
(مفع. مِنْ خَدَّرَ)	مُخَدَّرٌ-مُخَدَّرٌ، ةٌ 
(مفع. مِنْ خَدَعَ)	مَخْدُوعٌ-مَخْدُوعٌ، ةٌ 
(مفع. مِنْ خَدَمَ)	مَخْدُومٌ-مَخْدُومٌ، ةٌ 
(مفع. مِنْ خَذَلَ)	مَخْذُولٌ-مَخْذُولٌ، ةٌ 
(مفع. مِنْ خَرَّبَ)	مُخَرَّبٌ-مُخَرَّبٌ، ةٌ 
(مفع. مِنْ خَرَطَ)	مَخْرُوطٌ-مَخْرُوطٌ  ، ة
(مفع. مِنْ خَرَقَ)	مَخْرُوقٌ-مَخْرُوقٌ، ةٌ 
(مفع. مِنْ خَزَنَ)	مَخْزُونٌ-مَخْزُونٌ، ةٌ 
(مفع. مِنْ خَصَّ)	مَخْصُوصٌ-مَخْصُوصٌ، ةٌ 
(مفع. مِنْ خَصَرَ)	مَخْصُورٌ-مَخْصُورٌ ، ة 
(مفع. مِنْ خَصَّصَ)	مُخَصَّصٌ-مُخَصَّصٌ، ةٌ 
(مفع. مِنْ خَضَّبَ)	مُخَضَّبٌ-مُخَضَّبٌ، ةٌ 
(مفع. مِنْ خَضْرَمَ)	مُخَضْرَمٌ-مُخَضْرَمٌ، ةٌ 
(مفع. مِنْ خَطَبَ)	مَخْطُوبٌ-مَخْطُوبٌ، ةٌ 
(مفع. مِنْ خَطَّطَ)	مُخَطَّطٌ-مُخَطَّطٌ، ةٌ 
(مفع. مِنْ خَطَفَ)	مَخْطُوفٌ-مَخْطُوفٌ، ة
(مفع. مِنْ خَفَرَ)	مَخْفُورٌ-مَخْفُورٌ، ةٌ 
(مفع. مِنْ خَفَّضَ)	مُخَفَّضٌ-مُخَفَّضٌ، ة 
(مفع. مِنْ خَفَّفَ)	مُخَفَّفٌ-مُخَفَّفٌ، ةٌ 
(مفع. مِنْ خَلَّدَ)	مُخَلَّدٌ-مُخَلَّدٌ، ةٌ 
(مفع. من خَلَطَ)	مَخْلُوطٌ-مَخْلُوطٌ، ةٌ 
(مفع. مِنْ خَلَعَ)	مَخْلُوعٌ-مَخْلُوعٌ، ةٌ 
(مفع. مِنْ خَلَّفَ)	مُخَلَّفٌ-مُخَلَّفٌ، ةٌ 
(مفع. مِنْ خَلَقَ)	مَخْلُوقٌ-مَخْلُوقٌ، ة 
(مفع. مِنْ خَلَّلَ)	مُخَلَّلٌ-مُخَلَّلٌ، ة 
(مفع. مِنْ خَمَرَ)	مَخْمُورٌ-مَخْمُورٌ، ةٌ 
(مفع. مِنْ خَمَّسَ)	مُخَمَّسٌ-مُخَمَّسٌ ، ة
(مفع. مِنْ خَنَقَ)	مَخْنُوقٌ-مَخْنُوقٌ ، ةٌ 
(مفع. مِنْ دَانَ)	مَدْيُونٌ-مَدْيُونٌ، ة 
(مفع. مِنْ دَبَّجَ)	مُدَبَّجٌ-مُدَبَّجٌ، ةٌ 
(مفع. من دَبَّرَ)	مُدَبَّرٌ-مُدَبَّرٌ، ةٌ 
(مفع. مِنْ دَبَغَ)	مَدْبُوغٌ-مَدْبُوغٌ، ةٌ 
(مفع. مِنْ دَجَّجَ)	مُدَجَّجٌ-مُدَجَّجٌ، ةٌ 
(مفع. مِنْ دَخَلَ)	مَدْخُولٌ-مَدْخُولٌ، ة 
(مفع. مِنْ دَرَّبَ)	مُدَرَّبٌ-مُدَرَّبٌ، ة 
(مفع. مِنْ دَرَسَ)	مَدْرُوسٌ-مَدْرُوسٌ، ةٌ 
(مفع. مِنْ دَسَّ)	مَدْسُوسٌ-مَدْسُوسٌ، ةٌ 
(مفع. مِنْ دَفَعَ)	مَدْفُوعٌ-مَدْفُوعٌ ، ة
(مفع. مِنْ دَفَنَ)	مَدْفُونٌ-مَدْفُونٌ، ةٌ 
(مفع. من دَقَّقَ)	مُدَقَّقٌ-مُدَقَّقٌ، ةٌ 
(مفع. مِنْ دَلَّ)	مَدْلُولٌ-مَدْلُولٌ ، ة
(مفع. مِنْ دَلَّعَ)	مُدَلَّعٌ-مُدَلَّعٌ، ةٌ 
(مفع. مِنْ دَلَّلَ)	مُدَلَّلٌ-مُدَلَّلٌ، ةٌ 
(مفع. مِنْ دَلَّهَ)	مُدَلَّهٌ-مُدَلَّهٌ، ةٌ 
(مفع. مِنْ دَمَّرَ)	مُدَمَّرٌ-مُدَمَّرٌ، ةٌ 
(مفع. مِنْ دَمَّسَ)	مُدَمَّسٌ-مُدَمَّسٌ ، ة
(مفع. مِنْ دَمَّى)	مُدَمّىً-مُدَمّىً
(مفع. مِنْ دَنَّسَ)	مُدَنَّسٌ-مُدَنَّسٌ، ةٌ 
(مفع. مِنْ دَهِشَ)	مَدْهُوشٌ-مَدْهُوشٌ، ةٌ 
(مفع. مِنْ دَهَنَ)	مَدْهُونٌ-مَدْهُونٌ، ةٌ 
(مفع. مِنْ دَوَّدَ)	مُدَوَّدٌ-مُدَوَّدٌ، ةٌ 
(مفع. مِنْ دَوَّرَ)	مُدَوَّرٌ-مُدَوَّرٌ، ةٌ 
(مفع. مِنْ دَوَّنَ)	مُدَوَّنٌ-مُدَوَّنٌ، ةٌ 
(مفع. مِنْ ذَبَحَ)	مَذْبُوحٌ-مَذْبُوحٌ، ةٌ 
(مفع. مِنْ ذَبْذَبَ)	مُذَبْذَبٌ-مُذَبْذَبٌ، ةٌ 
(مفع. مِنْ ذَعَرَ)	مَذْعُورٌ-مَذْعُورٌ، ةٌ 
(مفع. مِنْ ذَكَرَ)	مَذْكُورٌ-مَذْكُورٌ، ةٌ 
(مفع. مِنْ ذَلَّقَ)	مُذَلَّقٌ-مُذَلَّقٌ ، ة
(مفع. مِنْ ذَلَّلَ)	مُذَلَّلٌ-مُذَلَّلٌ، ةٌ 
(مفع. مِنْ ذَمَّ)	مَذْمُومٌ-مَذْمُومٌ، ةٌ 
(مفع. مِنْ ذَمَّمَ)	مُذَمَّمٌ-مُذَمَّمٌ، ةٌ 
(مفع. مِنْ ذَنَّبَ)	مُذَنَّبٌ-مُذَنَّبٌ ، ة
(مفع. مِنْ ذَهَّبَ)	مُذَهَّبٌ-مُذَهَّبٌ، ةٌ 
(مفع. مِنْ ذَهِلَ)	مَذْهُولٌ-مَذْهُولٌ، ةٌ 
(مفع. مِنْ ذَيَّلَ)	مُذَيَّلٌ-مُذَيَّلٌ، ةٌ 
(مفع. من رَأَسَ)	مَرْؤُوسٌ-مَرْؤُوسٌ ، ة
(مفع. مِنْ رَاقَبَ)	مُرَاقَبٌ-مُرَاقَبٌ ، ة
(مفع. مِنْ رَتَّبَ)	مُرَتَّبٌ-مُرَتَّبٌ، ةٌ 
(مفع. مِنْ رَتَّلَ)	مُرَتَّلٌ-مُرَتَّلٌ، ةٌ 
(مفع. مِنْ رَجَّحَ)	مُرَجَّحٌ-مُرَجَّحٌ، ةٌ 
(مفع. من رَجَعَ)	مَرْجُوعٌ-مَرْجُوعٌ، ةٌ 
(مفع. مِنْ رَجَّلَ)	مُرَجَّلٌ-مُرَجَّلٌ ، ة
(مفع. مِنْ رَجَّمَ)	مُرَجَّمٌ-مُرَجَّمٌ ، ة
(مفع. مِن رَحِمَ)	مَرْحُومٌ-مَرْحُومٌ، ةٌ 
(مفع. مِنْ رَخَّصَ)	مُرَخَّصٌ-مُرَخَّصٌ، ةٌ 
(مفع. مِنْ رَدَّ)	مَرْدُودٌ-مَرْدُودٌ، ةٌ 
(مفع. مِنْ رَدَّدَ)	مُرَدَّدٌ-مُرَدَّدٌ، ةٌ 
(مفع. مِنْ رَدَمَ)	مَرْدُومٌ-مَرْدُومٌ، ةٌ 
(مفع. مِنْ رَذُلَ)	مَرْذُولٌ-مَرْذُولٌ، ةٌ 
(مفع. مِنْ رَزَّأَ)	مُرَزَّأٌ-مُرَزَّأٌ 
(مفع. مِنْ رَزَقَ)	مَرْزُوقٌ-مَرْزُوقٌ ، ة
(مفع. مِنْ رَسَمَ)	مَرْسُومٌ-مَرْسُومٌ ، ة
(مفع. مِنْ رَشَّحَ)	مُرَشَّحٌ-مُرَشَّحٌ، ةٌ 
(مفع. مِنْ رَصَّ)	مَرْصُوصٌ-مَرْصُوصٌ، ةٌ 
(مفع. مِنْ رَصَدَ)	مَرْصُودٌ-مَرْصُودٌ ، ة
(مفع. مِنْ رَصَّعَ)	مُرَصَّعٌ-مُرَصَّعٌ، ةٌ 
(مفع. مِنْ رَصَفَ)	مَرْصُوفٌ-مَرْصُوفٌ، ةٌ 
(مفع. مِنْ رَطَّبَ)	مُرَطَّبٌ-مُرَطَّبٌ، ةٌ 
(مفع. مِنْ رَعَبَ)	مَرْعُوبٌ-مَرْعُوبٌ، ةٌ 
(مفع. مِن رَعْبَلَ)	مُرَعْبَلٌ-مُرَعْبَلٌ، ةٌ 
(مفع. مِنْ رَعَى)	مَرْعِيٌّ-مَرْعِيٌّ، ة 
(مفع. مِنْ رَغِبَ)	مَرْغُوبٌ-مَرْغُوبٌ، ةٌ 
(مفع. مِنْ رَفَعَ)	مَرْفُوعٌ-مَرْفُوعٌ، ةٌ 
(مفع. مِنْ رَقَّعَ)	مُرَقَّعٌ-مُرَقَّعٌ، ةٌ 
(مفع. مِنْ رَقَّقَ)	مُرَقَّقٌ-مُرَقَّقٌ، ةٌ 
(مفع. مِنْ رَقَمَ)	مَرْقُومٌ-مَرْقُومٌ، ةٌ 
(مفع. مِنْ رَقَّمَ)	مُرَقَّمٌ-مُرَقَّمٌ، ةٌ 
(مفع. مِنْ رَكِبَ)	مُرَكَّبٌ-مُرَكَّبٌ ، ة
(مفع. مِنْ رَكِبَ)	مَرْكُوبٌ-مَرْكُوبٌ ، ة
(مفع. مِنْ رَكَّزَ)	مُرَكَّزٌ-مُرَكَّزٌ، ةٌ 
(مفع. مِنْ رَمَزَ)	مَرْمُوزٌ-مَرْمُوزٌ، ةٌ 
(مفع. مِنْ رَمَّشَ)	مُرَمَّشٌ-مُرَمَّشٌ ، ة
(مفع. مِنْ رَمَقَ)	مَرْمُوقٌ-مَرْمُوقٌ، ةٌ 
(مفع. مِنْ رَمَّمَ)	مُرَمَّمٌ-مُرَمَّمٌ، ةٌ 
(مفع. مِنْ رَهِبَ)	مَرْهُوبٌ-مَرْهُوبٌ ، ة
(مفع. مِنْ رَهَنَ)	مَرْهُونٌ-مَرْهُونٌ، ةٌ 
(مفع. مِنْ رَوَّحَ)	مُرَوَّحٌ-مُرَوَّحٌ ، ة
(مفع. مِنْ رَوَّعَ)	مُرَوَّعٌ-مُرَوَّعٌ، ةٌ 
(مفع. مِنْ زَخْرَفَ)	مُزَخْرَفٌ-مُزَخْرَفٌ، ةٌ 
(مفع. مِنْ زَرَعَ)	مَزْرُوعٌ-مَزْرُوعٌ، ةٌ 
(مفع. مِنْ زَرْكَشَ)	مُزَرْكَشٌ-مُزَرْكَشٌ، ةٌ 
(مفع. مِنْ زَعَمَ)	مَزْعُومٌ-مَزْعُومٌ ، ة
(مفع. مِنْ زَفَّتَ)	مُزَفَّتٌ-مُزَفَّتٌ ، ة
(مفع. مِنْ زَكَمَ)	مَزْكُومٌ-مَزْكُومٌ، ةٌ 
(مفع. مِنْ زَمَّ)	مَزْمُومٌ-مَزْمُومٌ، ةٌ 
(مفع. مِنْ زَمَّلَ)	مُزَّمَّلٌ-مُزَّمَّلٌ ، ة
(مفع. مِنْ زَوَّدَ)	مُزَوَّدٌ-مُزَوَّدٌ ، ة
(مفع. مِنْ زَوَّرَ)	مُزَوَّرٌ-مُزَوَّرٌ، ةٌ 
(مفع. مِنْ زَوَّقَ)	مُزَوَّقٌ-مُزَوَّقٌ، ةٌ 
(مفع. مِنْ زَيَّتَ)	مُزَيَّتٌ-مُزَيَّتٌ، ةٌ 
(مفع. مِنْ زَيَّفَ)	مُزَيَّفٌ-مُزَيَّفٌ، ةٌ 
(مفع. مِنْ زَيَّنَ)	مُزَيَّنٌ-مُزَيَّنٌ، ةٌ 
(مفع. مِنْ سَأَلَ)	مَسْؤُولٌ-مَسْؤُولٌ، ةٌ 
(مفع. مِن سَادَ)	مَسُودٌ-مَسُودٌ، ةٌ 
(مفع. مِنْ سَبَتَ)	مَسْبُوتٌ-مَسْبُوتٌ ، ة
(مفع. مِنْ سَبَّحَ)	مُسَبَّحٌ-مُسَبَّحٌ ، ة
(مفع. مِنْ سَبَّعَ)	مُسَبَّعٌ-مُسَبَّعٌ ، ة
(مفع. مِنْ سَبَّقَ)	مُسَبَّقٌ-مُسَبَّقٌ، ةٌ 
(مفع. من سَتَّرَ)	مُسَتَّرَةٌ-مُسَتَّرَةٌ ، ة
(مفع. مِن سَتَرَ)	مَسْتُورٌ-مَسْتُورٌ، ةٌ 
(مفع. مِن سَجَّلَ)	مُسَجَّلٌ-مُسَجَّلٌ، ةٌ 
(مفع. مِن سَجَنَ)	مَسْجُونٌ-مَسْجُونٌ ، ة
(مفع. مِن سَحَبَ)	مَسْحُوبٌ-مَسْحُوبٌ ، ة
(مفع. مِن سَحَتَ)	مَسْحُوتٌ-مَسْحُوتٌ ، ة
(مفع. مِن سَحَرَ)	مَسْحُورٌ-مَسْحُورٌ، ةٌ 
(مفع. مِن سَحَقَ)	مَسْحُوقٌ-مَسْحُوقٌ ، ة
(مفع. مِن سَخَّرَ)	مُسَخَّرٌ-مُسَخَّرٌ، ةٌ 
(مفع. مِن سَخَّنَ)	مُسَخَّنٌ-مُسَخَّنٌ ، ة
(مفع. مِن سَدَّ)	مَسْدُودٌ-مَسْدُودٌ، ةٌ 
(مفع. مِن سَدَّدَ)	مُسَدَّدٌ-مُسَدَّدٌ، ةٌ 
(مفع. مِن سَرَّ)	مَسْرُورٌ-مَسْرُورٌ، ةٌ 
(مفع. مِن سَرَّحَ)	مُسَرَّحٌ-مُسَرَّحٌ، ةٌ 
(مفع. مِن سَرَقَ)	مَسْرُوقٌ-مَسْرُوقٌ، ةٌ 
(مفع. مِن سَطَّرَ)	مُسَطَّرٌ-مُسَطَّرٌ، ةٌ 
(مفع. مِن سَطَلَ)	مَسْطُولٌ-مَسْطُولٌ، ةٌ 
(مفع. مِن سَعَرَ)	مَسْعُورٌ-مَسْعُورٌ ، ة
(مفع. مِن سَعَّرَ)	مُسَعَّرٌ-مُسَعَّرٌ، ةٌ 
(مفع. مِن سَعَى)	مَسْعىً-مَسْعىً
(مفع. مِن سَفَحَ)	مَسْفُوحٌ-مَسْفُوحٌ، ةٌ 
(مفع. مِن سَفَكَ)	مَسْفَوكٌ-مَسْفَوكٌ، ةٌ 
(مفع. من سَكَتَ)	مَسْكُوتٌ-مَسْكُوتٌ ، ة
(مفع. مِن سَكَنَ)	مَسْكُونٌ-مَسْكُونٌ، ةٌ 
(مفع. مِن سَلَبَ)	مَسْلُوبٌ-مَسْلُوبٌ، ةٌ 
(مفع. مِن سَلَّحَ)	مُسَلَّحٌ-مُسَلَّحٌ، ةٌ 
(مفع. مِن سَلْسَلَ)	مُسَلْسَلٌ-مُسَلْسَلٌ، ةٌ 
(مفع. مِن سَلَقَ)	مَسْلُوقٌ-مَسْلُوقٌ ، ة
(مفع. مِن سَلَكَ)	مَسْلُوكٌ-مَسْلُوكٌ، ةٌ 
(مفع. مِن سَلَّمَ)	مُسَلَّمٌ-مُسَلَّمٌ، ةٌ 
(مفع. مِن سَمَحَ)	مَسْمُوحٌ-مَسْمُوحٌ ، ة
(مفع. مِن سَمَّرَ)	مُسَمَّرٌ-مُسَمَّرٌ، ةٌ 
(مفع. مِن سَمِعَ)	مَسْمُوعٌ-مَسْمُوعٌ، ةٌ 
(مفع. مِن سَمَّى)	مُسَمّىً-مُسَمّىً
(مفع. مِن سَنَّ)	مَسْنُونٌ-مَسْنُونٌ ، ة
(مفع. مِن سَنَّنَ)	مُسَنَّنٌ-مُسَنَّنٌ، ةٌ 
(مفع. مِن سَهَّدَ)	مُسَهَّدٌ-مُسَهَّدٌ ، ة
(مفع. مِنْ سَوَّرَ)	مُسَوَّرٌ-مُسَوَّرٌ ، ة
(مفع. مِن سَوَّسَ)	مُسَوَّسٌ-مُسَوَّسٌ، ةٌ 
(مفع. مِن سَيَّجَ)	مُسَيَّجٌ-مُسَيَّجٌ ، ة
(مفع. مِن سَيَّرَ)	مُسَيَّرٌ-مُسَيَّرٌ، ةٌ 
(مفع. مِن شَأَمَ)	مَشْؤُومٌ-مَشْؤُومٌ، ةٌ 
(مفع. مِن شَابَ)	مَشُوبٌ-مَشُوبٌ، ةٌ 
(مفع. مِن شَاهَدَ)	مُشَاهَدٌ-مُشَاهَدٌ، ةٌ 
(مفع. مِن شَبَّ)	مَشْبُوبٌ-مَشْبُوبٌ، ةٌ 
(مفع. مِن شَبَّكَ)	مُشَبَّكٌ-مُشَبَّكٌ، ةٌ 
(مفع. مِن شَبَهَ)	مَشْبُوهٌ-مَشْبُوهٌ، ةٌ 
(مفع. مِن شَبَّهَ)	مُشَبَّهٌ-مُشَبَّهٌ ، ة
(مفع. مِن شَتَّتَ)	مُشَتَّتٌ-مُشَتَّتٌ، ةٌ 
(مفع. مِن شَجَّرَ)	مُشَجَّرٌ-مُشَجَّرٌ، ةٌ 
(مفع. مِن شَحَذَ)	مَشْحُوذٌ-مَشْحُوذٌ، ةٌ 
(مفع. مِن شَحَنَ)	مَشْحُونٌ-مَشْحُونٌ، ةٌ 
(مفع. مِن شَدَّ)	مَشْدُودٌ-مَشْدُودٌ، ةٌ 
(مفع. مِن شَدَّدَ)	مُشَدَّدٌ-مُشَدَّدٌ، ةٌ 
(مفع. مِن شَذَّبَ)	مُشَذَّبٌ-مُشَذَّبٌ، ةٌ 
(مفع. من شَرِبَ)	مَشْرُوبٌ-مَشْرُوبٌ، ةٌ 
(مفع. مِنْ شَرَطَ)	مَشْرُوطٌ-مَشْرُوطٌ، ةٌ 
(مفع. مِنْ شَرَعَ)	مَشْرُوعٌ-مَشْرُوعٌ، ةٌ 
(مفع. من شَطَبَ)	مَشْطُوبٌ-مَشْطُوبٌ، ةٌ 
(مفع. مِن شَطَّبَ)	مُشَطَّبٌ-مُشَطَّبٌ، ةٌ 
(مفع. مِن شَطَرَ)	مَشْطُورٌ-مَشْطُورٌ، ةٌ 
(مفع. مِن شَعَّثَ)	مُشَعَّثٌ-مُشَعَّثٌ، ةٌ 
(مفع. مِن شَغَفَ)	مَشْغُوفٌ-مَشْغُوفٌ، ةٌ 
(مفع. مِن شَغَلَ)	مَشْغُولٌ-مَشْغُولٌ، ةٌ 
(مفع. مِن شَقَّ)	مَشْقُوقٌ-مَشْقُوقٌ ، ة
(مفع. مِن شَقَّقَ)	مُشَقَّقٌ-مُشَقَّقٌ ، ة
(مفع. مِن شَكَّ)	مَشْكُوكٌ-مَشْكُوكٌ ، ة
(مفع. مِن شَكَّلَ)	مُشَكَّلٌ-مُشَكَّلٌ، ةٌ 
(مفع. مِن شَكَّلَ)	مَشْكُولٌ-مَشْكُولٌ، ةٌ 
(مفع. مِن شَلَّ)	مَشْلُولٌ-مَشْلُولٌ، ةٌ 
(مفع. من شَمَّ)	مَشْمُومٌ-مَشْمُومٌ ، ة
(مفع. من شَمَّسَ)	مُشَمَّسٌ-مُشَمَّسٌ، ةٌ 
(مفع. من شَمَلَ)	مَشْمُولٌ-مَشْمُولٌ، ةٌ 
(مفع. من شَنَّجَ)	مُشَنَّجٌ-مُشَنَّجٌ، ةٌ 
(مفع. من شَنَقَ)	مَشْنُوقٌ-مَشْنُوقٌ، ةٌ 
(مفع. من شَهِدَ)	مَشْهُودٌ-مَشْهُودٌ ، ة
(مفع. من شَهَرَ)	مَشْهُورٌ-مَشْهُورٌ، ةٌ 
(مفع. مِن شَوَّشَ)	مُشَوَّشٌ-مُشَوَّشٌ ، ة
(مفع. مِن شَوَّهَ)	مُشَوَّهٌ-مُشَوَّهٌ، ةٌ 
(مفع. مِنْ شَيَّدَ)	مُشَيَّدٌ-مُشَيَّدٌ، ةٌ 
(مفع. مِن شَيَّعَ)	مُشَيَّعٌ-مُشَيَّعٌ، ةٌ 
(مفع. مِن صَادَرَ)	مُصَادَرٌ-مُصَادَرٌ، ةٌ 
(مفع. مِن صَادَقَ)	مُصَادَقٌ-مُصَادَقٌ ، ة
(مفع. مِن صَبَّ)	مَصْبُوبٌ-مَصْبُوبٌ ، ة
(مفع. مِن صَحِبَ)	مَصْحُوبٌ-مَصْحُوبٌ، ةٌ 
(مفع. مِن صَحَّحَ)	مُصَحَّحٌ-مُصَحَّحٌ، ةٌ 
(مفع. مِن صَدَرَ)	مَصْدُورٌ-مَصْدُورٌ ، ة
(مفع. مِن صَدَّرَ)	مُصَدَّرٌ-مُصَدَّرٌ، ةٌ 
(مفع. مِن صَدَعَ)	مَصْدُوعٌ-مَصْدُوعٌ ، ة
(مفع. مِن صَدَّقَ)	مُصَدَّقٌ-مُصَدَّقٌ، ةٌ 
(مفع. من صَرَّحَ)	مُصَرَّحٌ-مُصَرَّحٌ ، ة
(مفع. من صَرَعَ)	مَصْرُوعٌ-مَصْرُوعٌ، ةٌ 
(مفع. مِن صَرَفَ)	مَصْرُوفٌ-مَصْرُوفٌ، ة 
(مفع. مِن صَرَّفَ)	مُصَرَّفٌ-مُصَرَّفٌ ، ة
(مفع. مِن صَعَّرَ)	مُصَعَّرٌ-مُصَعَّرٌ، ةٌ 
(مفع. مِن صَعِقَ )	مَصْعُوقٌ-مَصْعُوقٌ، ةٌ 
(مفع. مِن صَغَّرَ)	مُصَغَّرٌ-مُصَغَّرٌ، ةٌ 
(مفع. مِن صَفَّحَ)	مُصَفَّحٌ-مُصَفَّحٌ، ةٌ 
(مفع. مِن صَفَّفَ)	مُصَفَّفٌ-مُصَفَّفٌ ، ة
(مفع. مِن صَفَّى)	مُصَفًّى-مُصَفًّى
(مفع. من صَقَلَ)	مَصْقُولٌ-مَصْقُولٌ، ةٌ 
(مفع. من صَلَبَ)	مَصْلُوبٌ-مَصْلُوبٌ، ةٌ 
(مفع. من صَلَّبَ)	مُصَلَّبٌ-مُصَلَّبٌ، ةٌ 
(مفع. من صَنَعَ)	مَصْنُوعٌ-مَصْنُوعٌ ، ة
(مفع. مِنْ صَنَّعَ)	مُصَنَّعٌ-مُصَنَّعٌ، ةٌ 
(مفع. من صَنَّفَ)	مُصَنَّفٌ-مُصَنَّفٌ ، ة
(مفع. من صَوَّرَ)	مُصَوَّرٌ-مُصَوَّرٌ، ةٌ 
(مفع. من ضَاعَفَ)	مُضَاعَفٌ-مُضَاعَفٌ ، ة
(مفع. من ضَبَطَ)	مَضْبُوطٌ-مَضْبُوطٌ، ةٌ 
(مفع. مِن ضَخَّمَ)	مُضَخَّمٌ-مُضَخَّمٌ، ةٌ 
(مفع. من ضَرَّبَ)	مُضَرَّبٌ-مُضَرَّبٌ ، ة
(مفع. مِن ضَرَبَ)	مَضْرُوبٌ-مَضْرُوبٌ، ةٌ 
(مفع. من ضَرَّجَ)	مُضَرَّجٌ-مُضَرَّجٌ، ةٌ 
(مفع. مِن ضَرَسَ)	مَضْرُوسٌ-مَضْرُوسٌ ، ة
(مفع. مِن ضَرَّسَ)	مُضَرَّسٌ-مُضَرَّسٌ، ةٌ 
(مفع. مِن ضَعَّفَ)	مُضَعَّفٌ-مُضَعَّفٌ، ةٌ 
(مفع. من ضَلَّعَ)	مُضَلَّعٌ-مُضَلَّعٌ ، ة
(مفع. مِن ضَلَّلَ)	مُضَلَّلٌ-مُضَلَّلٌ، ةٌ 
(مفع. مِن ضَمَّ)	مَضْمُومٌ-مَضْمُومٌ، ةٌ 
(مفع. مِن ضَمِنَ)	مَضْمُونٌ-مَضْمُونٌ، ةٌ 
(مفع. من طَارَدَ)	مُطَارَدٌ-مُطَارَدٌ، ةٌ 
(مفع. مِن طَافَ)	مَطُوفٌ-مَطُوفٌ ، ة
(مفع. مِن طَالَبَ)	مُطَالَبٌ-مُطَالَبٌ ، ة
(مفع. مِن طَبَخَ)	مَطْبُوخٌ-مَطْبُوخٌ، ةٌ 
(مفع. من طَبَعَ)	مَطْبُوعٌ-مَطْبُوعٌ، ةٌ 
(مفع. مِن طَبَّقَ)	مُطَبَّقٌ-مُطَبَّقٌ، ةٌ 
(مفع. مِن طَحْلَبَ)	مُطَحْلَبٌ-مُطَحْلَبٌ ، ة
(مفع. من طَحَنَ)	مَطْحُونٌ-مَطْحُونٌ، ةٌ 
(مفع. من طَرَحَ)	مَطْرُوحٌ-مَطْرُوحٌ، ةٌ 
(مفع. مِن طَرَدَ)	مَطْرُودٌ-مَطْرُودٌ، ةٌ 
(مفع. مِن طَرَّزَ)	مُطَرَّزٌ-مُطَرَّزٌ ، ة
(مفع. من طَرَفَ)	مَطْرُوفٌ-مَطْرُوفٌ، ةٌ 
(مفع. مِن طَرَقَ)	مَطْرُوقٌ-مَطْرُوقٌ ، ة
(مفع. مِن طَعَّمَ)	مُطَعَّمٌ-مُطَعَّمٌ ، ة
(مفع. مِن طَعَنَ)	مَطْعُونٌ-مَطْعُونٌ، ةٌ 
(مفع. مِن طَلَبَ)	مَطْلُوبٌ-مَطْلُوبٌ، ةٌ 
(مفع. مِن طَلَّقَ)	مُطَلَّقٌ-مُطَلَّقٌ، ةٌ 
(مفع. مِن طَمَسَ)	مَطْمُوسٌ-مَطْمُوسٌ، ةٌ 
(مفع. من طَهَّرَ)	مُطَهَّرٌ-مُطَهَّرٌ، ةٌ 
(مفع. من طَهَّمَ)	مُطَهَّمٌ-مُطَهَّمٌ، ةٌ 
(مفع. من طَوَى)	مَطْوِيٌّ-مَطْوِيٌّ، ةٌ 
(مفع. مِن ظَرَفَ)	مَظْرُوفٌ-مَظْرُوفٌ ، ة
(مفع. مِن ظَفَّرَ)	مُظَفَّرٌ-مُظَفَّرٌ، ةٌ 
(مفع. من ظَلَمَ)	مَظْلُومٌ-مَظْلُومٌ، ةٌ 
(مفع. مِن عَابَ)	مَعِيبٌ-مَعِيبٌ ، ة
(مفع. مِن عَافَى)	مُعاَفىً-مُعاَفىً
(مفع. مِن عَاقَبَ)	مُعَاقَبٌ-مُعَاقَبٌ، ةٌ 
(مفع. مِن عَالَجَ)	مُعَالَجٌ-مُعَالَجٌ ، ة
(مفع. من عَبَدَ)	مَعْبُودٌ-مَعْبُودٌ، ةٌ 
(مفع. مِن عَبَّرَ)	مُعَبَّرٌ-مُعَبَّرٌ ، ة
(مفع. من عَتَّقَ)	مُعَتَّقَةٌ-مُعَتَّقَةٌ ، ة
(مفع. مِن عَجَّلَ)	مُعَجَّلٌ-مُعَجَّلٌ، ةٌ 
(مفع. من عَجَنَ)	مَعْجُونٌ-مَعْجُونٌ، ةٌ 
(مفع. من عَدَّ)	مَعْدُودٌ-مَعْدُودٌ، ةُ 
(مفع. مِن عَدَّلَ)	مُعَدَّلٌ-مُعَدَّلٌ ، ة
(مفع. مِنْ عَدَمَ)	مَعْدُومٌ-مَعْدُومٌ، ةٌ 
(مفع. مِن عَذَّبَ)	مُعَذَّبٌ-مُعَذَّبٌ، ةٌ 
(مفع. مِن عَذَرَ)	مَعْذُورٌ-مَعْذُورٌ، ةٌ 
(مفع. مِن عَرَّبَ)	مُعَرَّبٌ-مُعَرَّبٌ ، ة
(مفع. مِن عَرَضَ)	مَعْرُوضٌ-مَعْرُوضٌ، ةٌ 
(مفع. مِن عَرَّضَ)	مُعَرَّضٌ-مُعَرَّضٌ، ةٌ 
(مفع. من عَرَّفَ)	مُعَرَّفٌ-مُعَرَّفٌ ، ة
(مفع. مِن عَرَفَ)	مَعْرُوفٌ-مَعْرُوفٌ، ةٌ 
(مفع. مِن عَرْقَلَ)	مُعَرْقَلٌ-مُعَرْقَلٌ، ةٌ 
(مفع. مِن عَرَّى)	مُعَرّىً-مُعَرّىً
(مفع. مِن عَزَلَ)	مَعْزُولٌ-مَعْزُولٌ، ةٌ 
(مفع. مِن عَسْكَرَ)	مُعَسْكَرٌ-مُعَسْكَرٌ ، ة
(مفع. مِن عَسَلَ)	مَعْسُولٌ-مَعْسُولٌ، ةٌ 
(مفع. مِن عَسَّلَ)	مُعَسَّلٌ-مُعَسَّلٌ ، ة
(مفع. مِن عَشَّرَ)	مُعَشَّرٌ-مُعَشَّرٌ ، ة
(مفع. مِن عَصَبَ)	مَعْصُوبٌ-مَعْصُوبٌ، ةٌ 
(مفع. مِن عَصَّبَ)	مُعَصَّبٌ-مُعَصَّبٌ ، ة
(مفع. مِن عَصَّرَ)	مُعَصَّرٌ-مُعَصَّرٌ ، ة
(مفع. مِن عَصَمَ)	مَعْصُومٌ-مَعْصُومٌ، ةٌ 
(مفع. مِن عَطَبَ)	مَعْطُوبٌ-مَعْطُوبٌ، ةٌ 
(مفع. مِن عَطَّرَ)	مُعَطَّرٌ-مُعَطَّرٌ ، ة
(مفع. مِن عَطَّلَ)	مُعَطَّلٌ-مُعَطَّلٌ، ةٌ 
(مفع. مِن عَظَّمَ)	مُعَظَّمٌ-مُعَظَّمٌ، ةٌ 
(مفع. مِن عَفَا)	مَعْفُوٌّ-مَعْفُوٌّ، ةٌ 
(مفع. مِن عَفَّرَ)	مُعَفَّرٌ-مُعَفَّرٌ، ةٌ 
(مفع. مِن عَفَّنَ)	مُعَفَّنٌ-مُعَفَّنٌ، ةٌ 
(مفع. مِن عَقَّبَ)	مُعَقَّبٌ-مُعَقَّبٌ، ةٌ 
(مفع. مِن عَقَدَ)	مَعْقُودٌ-مَعْقُودٌ، ةٌ 
(مفع. مِن عَقَّدَ)	مُعَقَّدٌ-مُعَقَّدٌ، ةٌ 
(مفع. مِن عَقَفَ)	مَعْقُوفٌ-مَعْقُوفٌ، ةٌ 
(مفع. مِن عَقَلَ)	مَعْقُولٌ-مَعْقُولٌ ، ة
(مفع. مِن عَقَّمَ)	مُعَقَّمٌ-مُعَقَّمٌ، ةٌ 
(مفع. مِن عَكَّرَ)	مُعَكَّرٌ-مُعَكَّرٌ، ةٌ 
(مفع. مِن عَكَسَ)	مَعْكُوسٌ-مَعْكُوسٌ، ةٌ 
(مفع. مِن عَلَّ)	مَعْلُولٌ-مَعْلُولٌ، ةٌ 
(مفع. مِن عَلَفَ)	مَعْلُوفٌ-مَعْلُوفٌ، ةٌ 
(مفع. مِن عَلَّقَ)	مُعَلَّقٌ-مُعَلَّقٌ، ةٌ 
(مفع. مِن عَلِـمَ)	مَعْلُومٌ-مَعْلُومٌ، ةٌ 
(مفع. مِن عَلَّمَ)	مُعَلَّمٌ-مُعَلَّمٌ، ةٌ 
(مفع. مِن عَلَّى)	مُعَلًّى-مُعَلًّى
(مفع. مِن عَمَرَ)	مَعْمُورٌ-مَعْمُورٌ، ةٌ 
(مفع. مِن عَمَّرَ)	مُعَمَّرٌ-مُعَمَّرٌ، ةٌ 
(مفع. مِن عَمِلَ)	مَعْمُولٌ-مَعْمُولٌ، ةٌ 
(مفع. مِن عَمَّمَ)	مُعَمَّمٌ-مُعَمَّمٌ، ة 
(مفع. مِن عَمَّى)	مُعَمّىً-مُعَمّىً
(مفع. مِن عَنَّفَ)	مُعَنَّفٌ-مُعَنَّفٌ، ةٌ 
(مفع. مِن عَنَى)	مَعْنِيٌّ-مَعْنِيٌّ، ةٌ 
(مفع. مِن عَنَّى)	مُعَنّىً-مُعَنّىً 
(مفع. مِن عَهِدَ)	مَعْهُودٌ-مَعْهُودٌ ، ة 
(مفع. مِن عَوَّدَ)	مُعَوَّدٌ-مُعَوَّدٌ، ةٌ 
(مفع. مِن عَوَّلَ)	مُعَوَّلٌ-مُعَوَّلٌ 
(مفع. مِن عيَّلَ)	مُعَيَّلٌ-مُعَيَّلٌ ، ة 
(مفع. مِن عَيَّنَ)	مُعَيَّنٌ-مُعَيَّنٌ، ةٌ 
(مفع. مِن غَبَّرَ)	مُغَبَّرٌ-مُغَبَّرٌ، ةٌ 
(مفع. مِن غَبَطَ)	مَغْبُوطٌ-مَغْبُوطٌ، ةٌ 
(مفع. مِن غَبَنَ)	مَغْبُونٌ-مَغْبُونٌ، ةٌ 
(مفع. مِن غَذَّى)	مُغَذّىً-مُغَذّىً 
(مفع. مِن غَرَّ)	مَغْرُورٌ-مَغْرُورٌ، ةٌ 
(مفع. مِن غَرْبَلَ)	مُغَرْبَلٌ-مُغَرْبَلٌ، ةٌ 
(مفع. مِن غَسَلَ)	مَغْسُولٌ-مَغْسُولٌ ، ةٌ 
(مفع. مِن غَشَّ)	مَغْشُوشٌ-مَغْشُوشٌ، ةٌ 
(مفع. مِن غَشِيَ)	مَغْشِيٌّ-مَغْشِيٌّ، ةٌ 
(مفع. مِن غضِبَ)	مَغْضُوبٌ-مَغْضُوبٌ 
(مفع. مِن غَفَرَ)	مَغْفُورٌ-مَغْفُورٌ، ةٌ 
(مفع. مِن غَفَّلَ)	مُغَفَّلٌ-مُغَفَّلٌ، ةٌ 
(مفع. مِن غَلَبَ)	مَغْلُوبٌ-مَغْلُوبٌ، ةٌ 
(مفع. مِن غَلِطَ)	مَغْلُوطٌ-مَغْلُوطٌ، ةٌ 
(مفع. مِن غَلَّفَ)	مُغَلَّفٌ-مُغَلَّفٌ، ةٌ 
(مفع. مِن غَلَقَ)	مَغْلُوقٌ-مَغْلُوقٌ، ةٌ 
(مفع. مِن غَمَّ)	مَغْمُومٌ-مَغْمُومٌ، ةٌ 
(مفع. مِن غَمَدَ)	مَغْمُودٌ-مَغْمُودٌ ، ة 
(مفع. مِن غَمَّدَ)	مُغَمَّدٌ-مُغَمَّدٌ، ةٌ 
(مفع. مِن غَمَرَ)	مَغْمُورٌ-مَغْمُورٌ، ةٌ 
(مفع. مِن غَمَزَ)	مَغْمُوزٌ-مَغْمُوزٌ، ةٌ 
(مفع. مِن غَمَّضَ)	مُغَمَّضٌ-مُغَمَّضٌ، ةٌ 
(مفع. مِن غَيَّبَ)	مُغَيَّبٌ-مُغَيَّبٌ، ةٌ 
(مفع. مِن غَيَّرَ)	مُغَيَّرٌ-مُغَيَّرٌ، ةٌ 
(مفع. مِن غَيَّمَ)	مُغَيَّمٌ-مُغَيَّمٌ، ةٌ 
(مفع. مِن فَتَّتَ)	مُفَتَّتٌ-مُفَتَّتٌ، ةٌ 
(مفع. مِن فَتَحَ)	مَفْتُوحٌ-مَفْتُوحٌ، ةٌ 
(مفع. مِن فَتَلَ)	مَفْتُولٌ-مَفْتُولٌ، ةٌ 
(مفع. مِن فَتَنَ)	مَفْتُونٌ-مَفْتُونٌ، ةٌ 
(مفع. مِن فَجَعَ)	مَفْجُوعٌ-مَفْجُوعٌ، ةٌ 
(مفع. مِن فَدَى)	مَفْدِيٌّ-مَفْدِيٌّ، ةٌ 
(مفع. من فَرَشَ)	مَفْرُوشٌ-مَفْرُوشٌ، ةٌ 
(مفع. من فَرَضَ)	مَفْرُوضٌ-مَفْرُوضٌ، ةٌ 
(مفع. من فَرَغَ)	مَفْرُوغٌ-مَفْرُوغٌ، ةٌ 
(مفع. من فَرَّقَ)	مُفَرَّقٌ-مُفَرَّقٌ ، ة 
(مفع. من فَرَكَ)	مَفْرُوكٌ-مَفْرُوكٌ، ةٌ 
(مفع. من فَرَمَ)	مَفْرُومٌ-مَفْرُومٌ ، ة 
(مفع. من فَسَّرَ)	مُفَسَّرٌ-مُفَسَّرٌ، ةٌ 
(مفع. من فَصَّلَ)	مُفَصَّلٌ-مُفَصَّلٌ، ةٌ 
(مفع. من فَضَّضَ)	مُفَضَّضٌ-مُفَضَّضٌ ، ة 
(مفع. من فَضَّلَ)	مُفَضَّلٌ-مُفَضَّلٌ، ةٌ 
(مفع. من فَعَلَ)	مَفْعُولٌ-مَفْعُولٌ ، ة 
(مفع. من فَقَدَ)	مَفْقُودٌ-مَفْقُودٌ، ةٌ 
(مفع. من فَكَّ)	مَفْكُوكٌ-مَفْكُوكٌ ، ة 
(مفع. من فَكَّرَ)	مُفَكَّرٌ-مُفَكَّرٌ
(مفع. من فَكَّكَ)	مُفَكَّكٌ-مُفَكَّكٌ، ةٌ 
(مفع. مِن فَلِجَ)	مَفْلُوجٌ-مَفْلُوجٌ ، ة 
(مفع. من فَلَحَ)	مَفْلُوحٌ-مَفْلُوحٌ، ةٌ 
(مفع. من فَلْفَلَ)	مُفَلْفَلٌ-مُفَلْفَلٌ ، ة 
(مفع. مِن فَلَقَ)	مَفْلُوقٌ-مَفْلُوقٌ ، ة 
(مفع. من فَنَّدَ)	مُفَنَّدٌ-مُفَنَّدٌ، ةٌ 
(مفع. من فَهْرَسَ)	مُفَهْرَسٌ-مُفَهْرَسٌ، ةٌ 
(مفع. من فَهِمَ)	مَفْهُومٌ-مَفْهُومٌ ، ة 
(مفع. من فَوَّضَ)	مُفَوَّضٌ-مُفَوَّضٌ، ةٌ 
(مفع. من فَوَّهَ)	مُفَوَّهٌ-مُفَوَّهٌ، ةٌ 
(مفع. من قَابَلَ)	مُقَابَلٌ-مُقَابَلٌ ، ة 
(مفع. من قَادَ)	مَقُودٌ-مَقُودٌ، ةٌ 
(مفع. من قَارَنَ)	مُقَارَنٌ-مُقَارَنٌ ، ة 
(مفع. من قَالَ)	مَقُولٌ-مَقُولٌ، ةٌ 
(مفع. من قَبَّبَ)	مُقَبَّبٌ-مُقَبَّبٌ، ةٌ 
(مفع. من قَبَرَ)	مَقْبُورٌ-مَقْبُورٌ، ةٌ 
(مفع. من قَبَضَ)	مَقْبُوضٌ-مَقْبُوضٌ، ةٌ 
(مفع. من قَبِلَ)	مَقْبُولٌ-مَقْبُولٌ، ةٌ 
(مفع. من قَتَلَ)	مَقْتُولٌ-مَقْتُولٌ، ةٌ 
(مفع. من قَدَّ)	مَقْدُودٌ-مَقْدُودٌ ، ة 
(مفع. من قَدَّدَ)	مُقَدَّدٌ-مُقَدَّدٌ، ةٌ 
(مفع. من قَدَرَ)	مَقْدُورٌ-مَقْدُورٌ ، ة 
(مفع. من قَدَّرَ)	مُقَدَّرٌ-مُقَدَّرٌ، ةٌ 
(مفع. من قَدَّسَ)	مُقَدَّسٌ-مُقَدَّسٌ، ةٌ 
(مفع. من قَدَّمَ)	مُقَدَّمٌ-مُقَدَّمٌ ، ة 
(مفع. من قَذَفَ)	مَقْذُوفٌ-مَقْذُوفٌ، ةٌ 
(مفع. من قَرَّ)	مَقْرُورٌ-مَقْرُورٌ، ةٌ 
(مفع. من قَرَأَ)	مَقْرُوءٌ-مَقْرُوءٌ 
(مفع. من قَرَّبَ)	مُقَرَّبٌ-مُقَرَّبٌ، ةٌ 
(مفع. من قَرَحَ)	مَقْرُوحٌ-مَقْرُوحٌ، ةٌ 
(مفع. من قَرَّحَ)	مُقَرَّحٌ-مُقَرَّحٌ، ةٌ 
(مفع. من قَرَّرَ)	مُقَرَّرٌ-مُقَرَّرٌ، ةٌ 
(مفع. من قَرَنَ)	مَقْرُونٌ-مَقْرُونٌ، ةٌ 
(مفع. من قَسَمَ)	مَقْسُومٌ-مَقْسُومٌ، ةٌ 
(مفع. من قَسَّمَ)	مُقَسَّمٌ-مُقَسَّمٌ ، ة 
(مفع. من قَشَّبَ)	مُقَشَّبٌ-مُقَشَّبٌ، ةٌ 
(مفع. من قَشَّرَ)	مُقَشَّرٌ-مُقَشَّرٌ، ةٌ 
(مفع. من قَصَّ)	مَقْصُوصٌ-مَقْصُوصٌ، ةٌ 
(مفع. من قَصَّبَ)	مُقَصَّبٌ-مُقَصَّبٌ، ةٌ 
(مفع. من قَصَدَ)	مَقْصُودٌ-مَقْصُودٌ، ةٌ 
(مفع. من قَصَرَ)	مَقْصُورٌ-مَقْصُورٌ، ةٌ 
(مفع. من قَصَّرَ)	مُقَصَّرٌ-مُقَصَّرٌ، ةٌ 
(مفع. من قَطَّبَ)	مُقَطَّبٌ-مُقَطَّبٌ، ةٌ 
(مفع. من قَطَّرَ)	مُقَطَّرٌ-مُقَطَّرٌ، ةٌ 
(مفع. من قَطَعَ)	مَقْطُوعٌ-مَقْطُوعٌ، ةٌ 
(مفع. من قَعَّرَ)	مُقَعَّرٌ-مُقَعَّرٌ، ةٌ 
(مفع. من قَفَّعَ)	مُقَفَّعٌ-مُقَفَّعٌ، ةٌ 
(مفع. من قَفَّى)	مُقَفّىً-مُقَفّىً 
(مفع. من قَلَبَ)	مَقْلُوبٌ-مَقْلُوبٌ، ةٌ 
(مفع. من قَلَّدَ)	مُقَلَّدٌ-مُقَلَّدٌ، ةٌ 
(مفع. من قَلَى)	مَقْلِيٌّ-مَقْلِيٌّ، ةٌ 
(مفع. من قَمَعَ)	مَقْمُوعٌ-مَقْمُوعٌ، ةٌ 
(مفع. من قَمَّلَ)	مُقَمَّلٌ-مُقَمَّلٌ، ةٌ 
(مفع. من قَنْطَرَ)	مُقَنْطَرٌ-مُقَنْطَرٌ، ةٌ 
(مفع. من قَنَّعَ)	مُقَنَّعٌ-مُقَنَّعٌ، ةٌ 
(مفع. من قَوَّرَ)	مُقَوَّرٌ-مُقَوَّرٌ، ةٌ 
(مفع. من قَوَّسَ)	مُقَوَّسٌ-مُقَوَّسٌ، ةٌ 
(مفع. من قَوَّضَ)	مُقَوَّضٌ-مُقَوَّضٌ، ةٌ 
(مفع. من قَوْلَبَ)	مُقَوْلَبٌ-مُقَوْلَبٌ، ةٌ 
(مفع. من قَوَّمَ)	مُقَوَّمٌ-مُقَوَّمٌ، ةٌ 
(مفع. من قَوَّى)	مُقَوّىً-مُقَوّىً
(مفع. من قَيَّدَ)	مُقَيَّدٌ-مُقَيَّدٌ، ةٌ 
(مفع. مِن كَافَأَ)	مُكَافَأٌ-مُكَافَأٌ 
(مفع. من كَبَتَ)	مَكْبُوتٌ-مَكْبُوتٌ ، ة 
(مفع. من كَتَبَ)	مَكْتُوبٌ-مَكْتُوبٌ، ة  
(مفع. من كَتَفَ)	مَكْتُوفٌ-مَكْتُوفٌ، ةٌ 
(مفع. من كَتَّلَ)	مُكَتَّلٌ-مُكَتَّلٌ، ةٌ 
(مفع. من كَتَمَ)	مَكْتُومٌ-مَكْتُومٌ، ةٌ 
(مفع. من كَثَّرَ)	مُكَثَّرٌ-مُكَثَّرٌ، ةٌ 
(مفع. من كَثَّفَ)	مُكَثَّفٌ-مُكَثَّفٌ، ةٌ 
(مفع. من كَدَّ)	مَكْدُودٌ-مَكْدُودٌ، ةٌ 
(مفع. من كَدَّرَ)	مُكَدَّرٌ-مُكَدَّرٌ، ةٌ 
(مفع. من كَرَبَ)	مَكْرُوبٌ-مَكْرُوبٌ، ةٌ 
(مفع. من كَرَّرَ)	مُكَرَّرٌ-مُكَرَّرٌ، ةٌ 
(مفع. من كَرَّسَ)	مُكَرَّسٌ-مُكَرَّسٌ، ةٌ 
(مفع. من كَرَّمَ)	مُكَرَّمٌ-مُكَرَّمٌ، ةٌ 
(مفع. من كَرِهَ)	مَكْرُوهٌ-مَكْرُوهٌ، ةٌ 
(مفع. من كَسَرَ)	مَكْسُورٌ-مَكْسُورٌ، ةٌ 
(مفع. من كَسَّرَ)	مُكَسَّرٌ-مُكَسَّرٌ، ةٌ 
(مفع. من كَشَفَ)	مَكْشُوفٌ-مَكْشُوفٌ، ةٌ 
(مفع. من كَظَمَ)	مَكْظُومٌ-مَكْظُومٌ، ةٌ 
(مفع. من كَفَّ)	مَكْفُوفٌ-مَكْفُوفٌ، ةٌ 
(مفع. من كَفَلَ)	مَكْفُولٌ-مَكْفُولٌ، ةٌ 
(مفع. من كَفَّنَ)	مُكَفَّنٌ-مُكَفَّنٌ، ةٌ 
(مفع. من كَلَّفَ)	مُكَلَّفٌ-مُكَلَّفٌ، ةٌ 
(مفع. من كَلَّلَ)	مُكَلَّلٌ-مُكَلَّلٌ، ةٌ 
(مفع. من كَمَّ)	مَكْمُومٌ-مَكْمُومٌ، ةٌ 
(مفع. من كَمِدَ)	مَكْمُودٌ-مَكْمُودٌ، ةٌ 
(مفع. من كَمَّمَ)	مُكَمَّمٌ-مُكَمَّمٌ، ةٌ 
(مفع. من كَنَّ)	مَكْنُونٌ-مَكْنُونٌ، ةٌ 
(مفع. من كَنَّى)	مُكَنّىً-مُكَنّىً
(مفع. من كَهْرَبَ)	مُكَهْرَبٌ-مُكَهْرَبٌ ، ة 
(مفع. من كَوَّرَ)	مُكَوَّرٌ-مُكَوَّرٌ، ةٌ 
(مفع. من كَوَّمَ)	مُكَوَّمٌ-مُكَوَّمٌ، ةٌ 
(مفع. من كَوَّنَ)	مُكَوَّنٌ-مُكَوَّنٌ، ةٌ 
(مفع. من كَوَى)	مَكْوِيٌّ-مَكْوِيٌّ، ةٌ 
(مفع. من كَيَّفَ)	مُكَيَّفٌ-مُكَيَّفٌ، ةٌ 
(مفع. من لاَحَقَ)	مُلاَحَقٌ-مُلاَحَقٌ، ةٌ 
(مفع. من لاَمَ)	مُلاَمٌ-مُلاَمٌ ، ة 
(مفع. من لاَمَ)	مَلُومٌ-مَلُومٌ، ةٌ 
(مفع. من لَبَّدَ)	مُلَبَّدٌ-مُلَبَّدٌ، ةٌ 
(مفع. من لَبَّسَ)	مُلَبَّسٌ-مُلَبَّسٌ، ةٌ 
(مفع. من لَحَظَ)	مَلْحُوظٌ-مَلْحُوظٌ، ةٌ 
(مفع. من لَحَنَ)	مَلْحُونٌ-مَلْحُونٌ 
(مفع. من لَحَّنَ)	مُلَحَّنٌ-مُلَحَّنٌ، ةٌ 
(مفع. من لَخَّصَ)	مُلَخَّصٌ-مُلَخَّصٌ، ةٌ 
(مفع. من لَدَّنَ)	مُلَدَّنٌ-مُلَدَّنٌ، ةٌ 
(مفع. من لَسَعَ)	مَلْسُوعٌ-مَلْسُوعٌ، ةٌ 
(مفع. من لَسَّنَ)	مُلَسَّنٌ-مُلَسَّنٌ، ةٌ 
(مفع. من لَطَّفَ)	مُلَطَّفٌ-مُلَطَّفٌ، ةٌ 
(مفع. من لَعَنَ)	مَلْعُونٌ-مَلْعُونٌ، ةٌ 
(مفع. من لَغَمَ)	مَلْغُومٌ-مَلْغُومٌ، ةٌ 
(مفع. من لَفَّ)	مَلْفُوفٌ-مَلْفُوفٌ، ةٌ 
(مفع. من لَفَظَ)	مَلْفُوظٌ-مَلْفُوظٌ، ةٌ 
(مفع. من لَفَّقَ)	مُلَفَّقٌ-مُلَفَّقٌ، ةٌ 
(مفع. من لَقَّنَ)	مُلَقَّنٌ-مُلَقَّنٌ، ةٌ 
(مفع. من لَقَّى)	مُلَقّىً-مُلَقّىً 
(مفع. من لَمَّ)	مَلْمُومٌ-مَلْمُومٌ، ةٌ 
(مفع. من لَمَسَ)	مَلْمُوسٌ-مَلْمُوسٌ، ةٌ 
(مفع. من لَمَّعَ)	مُلَمَّعٌ-مُلَمَّعٌ، ةٌ 
(مفع. من لَمْلَمَ)	مُلَمْلَمٌ-مُلَمْلَمٌ، ةٌ 
(مفع. من لَهِفَ)	مَلْهُوفٌ-مَلْهُوفٌ، ةٌ 
(مفع. من لَوَّثَ)	مُلَوَّثٌ-مُلَوَّثٌ، ةٌ 
(مفع. من لَوَّزَ)	مُلَوَّزٌ-مُلَوَّزٌ، ةٌ 
(مفع. من لَوْلَبَ)	مُلَوْلَبٌ-مُلَوْلَبٌ ، ة 
(مفع. من لَوَّنَ)	مُلَوَّنٌ-مُلَوَّنٌ، ةٌ 
(مفع. من لَيَّنَ)	مُلَيَّنٌ-مُلَيَّنٌ، ةٌ 
(مفع. من مَارَسَ)	مُمَارَسٌ-مُمَارَسٌ، ةٌ 
(مفع. من مَحَا)	مَمْحُوٌّ-مَمْحُوٌّ ، ة 
(مفع. من مَخَضَ)	مَمْخُوضٌ-مَمْخُوضٌ ، ة 
(مفع. من مَدَّ)	مُمَدَّدٌ-مُمَدَّدٌ، ةٌ 
(مفع. من مَدَّ)	مَمْدُودٌ-مَمْدُودٌ، ةٌ 
(مفع. من مَدَحَ)	مَمْدوحٌ-مَمْدوحٌ، ةٌ 
(مفع. من مَدَّنَ)	مُمَدَّنٌ-مُمَدَّنٌ ، ة 
(مفع. من مَرَّنَ)	مُمَرَّنٌ-مُمَرَّنٌ، ةٌ 
(مفع. من مَزَجَ)	مَمْزُوجٌ-مَمْزُوجٌ، ةٌ 
(مفع. من مَسَخَ)	مَمْسُوخٌ-مَمْسُوخٌ ، ة 
(مفع. من مَسَّكَ)	مُمَسَّكٌ-مُمَسَّكٌ، ةٌ 
(مفع. من مَشَطَ)	مَمْشُوطٌ-مَمْشُوطٌ، ةٌ 
(مفع. من مَشَقَ)	مَمْشُوقٌ-مَمْشُوقٌ، ةٌ 
(مفع. من مَغْنَطَ)	مُمَغْنَطٌ-مُمَغْنَطٌ، ةٌ 
(مفع. من مَقَتَ)	مَمْقُوتٌ-مَمْقُوتٌ، ةٌ 
(مفع. من مَلأَ)	مَمْلُوءٌ-مَمْلُوءٌ
(مفع. من مَلَّحَ)	مُمَلَّحٌ-مُمَلَّحٌ، ةٌ 
(مفع. من مَلَكَ)	مَمْلُوكٌ-مَمْلُوكٌ ، ة 
(مفع. من مَنَّ)	مَمْنُونٌ-مَمْنُونٌ، ةٌ 
(مفع. من مَنَحَ)	مَمْنُوحٌ-مَمْنُوحٌ، ةٌ 
(مفع. من مَنَعَ)	مَمْنُوعٌ-مَمْنُوعٌ، ةٌ 
(مفع. من مَهَّدَ)	مُمَهَّدٌ-مُمَهَّدٌ، ةٌ 
(مفع. من مَوَّنَ)	مُمَوَّنٌ-مُمَوَّنٌ، ةٌ 
(مفع. من مَوَّهَ)	مُمَوَّهٌ-مُمَوَّهٌ، ةٌ 
(مفع. من مَيَّزَ)	مُمَيَّزٌ-مُمَيَّزٌ، ةٌ 
(مفع. من نَازَعَ)	مُنَازَعٌ-مُنَازَعٌ ، ة 
(مفع. من نَاطَ)	مَنُوطٌ-مَنُوطٌ ، ة 
(مفع. من نَبَذَ)	مَنْبُوذٌ-مَنْبُوذٌ، ةٌ 
(مفع. من نَتَّنَ)	مُنَتَّنٌ-مُنَتَّنٌ، ةٌ 
(مفع. من نَجَّدَ)	مُنَجَّدٌ-مُنَجَّدٌ، ةٌ 
(مفع. من نَحَتَ)	مَنْحُوتٌ-مَنْحُوتٌ، ةٌ 
(مفع. من نَحَسَ)	مَنْحُوسٌ-مَنْحُوسٌ، ة  
(مفع. من نَزَعَ)	مَنْزُوعٌ-مَنْزُوعٌ، ةٌ 
(مفع. من نَزَفَ)	مَنْزُوفٌ-مَنْزُوفٌ، ةٌ 
(مفع. من نَزَّهَ)	مُنَزَّهٌ-مُنَزَّهٌ ، ةٌ 
(مفع. من نَسَبَ)	مَنْسُوبٌ-مَنْسُوبٌ ، ة 
(مفع. من نَسَجَ)	مَنْسُوجٌ-مَنْسُوجٌ، ةٌ 
(مفع. من نَسَخَ)	مَنْسُوخٌ-مَنْسُوخٌ، ةٌ 
(مفع. من نَسَقَ)	مَنْسُوقٌ-مَنْسُوقٌ، ةٌ 
(مفع. من نَسَّقَ)	مُنَسَّقٌ-مُنَسَّقٌ، ةٌ 
(مفع. من نَسِيَ)	مَنْسِيٌّ-مَنْسِيٌّ، ةٌ 
(مفع. من نَشَدَ)	مَنْشُودٌ-مَنْشُودٌ، ةٌ 
(مفع. من نَشَرَ)	مَنْشُورٌ-مَنْشُورٌ ، ة 
(مفع. من نَشَّطَ)	مُنَشَّطٌ-مُنَشَّطٌ، ةٌ 
(مفع. من نَصَّ)	مَنْصُوصٌ-مَنْصُوصٌ، ةٌ 
(مفع. من نَصَبَ)	مَنْصُوبٌ-مَنْصُوبٌ، ةٌ 
(مفع. من نَضَدَ)	مَنْضُودٌ-مَنْضُودٌ، ةٌ 
(مفع. من نَضَّدَ)	مُنَضَّدٌ-مُنَضَّدٌ، ةٌ 
(مفع. من نَطَقَ)	مَنْطُوقٌ-مَنْطُوقٌ ، ة 
(مفع. من نَظَرَ)	مَنْظُورٌ-مَنْظُورٌ، ةٌ 
(مفع. من نَظَّفَ)	مُنَظَّفٌ-مُنَظَّفٌ، ةٌ 
(مفع. من نَظَّمَ)	مُنَظَّمٌ-مُنَظَّمٌ، ةٌ 
(مفع. مِنْ نَظَمَ)	مَنْظُومٌ-مَنْظُومٌ، ةٌ 
(مفع. من نَعَّمَ)	مُنَعَّمٌ-مُنَعَّمٌ، ةٌ 
(مفع. من نَغَّمَ)	مُنَغَّمٌ-مُنَغَّمٌ، ةٌ 
(مفع. من نَفَخَ)	مَنْفُوخٌ-مَنْفُوخٌ، ةٌ 
(مفع. من نَفَّذَ)	مُنَفَّذٌ-مُنَفَّذٌ، ةٌ 
(مفع. من نَفَشَ )	مَنْفُوشٌ-مَنْفُوشٌ، ةٌ 
(مفع. من نَفَضَ)	مَنْفُوضٌ-مَنْفُوضٌ، ةٌ 
(مفع. من نَفَى)	مَنْفِيٌّ-مَنْفِيٌّ، ةٌ 
(مفع. من نَقَبَ)	مَنْقُوبٌ-مَنْقُوبٌ، ةٌ 
(مفع. من نَقَّحَ)	مُنَقَّحٌ-مُنَقَّحٌ، ةٌ 
(مفع. من نَقَشَ)	مَنْقُوشٌ-مَنْقُوشٌ، ةُ 
(مفع. من نَقَطَ)	مَنْقُوطٌ-مَنْقُوطٌ ، ة 
(مفع. من نَقَّطَ)	مُنَقَّطٌ-مُنَقَّطٌ، ةٌ 
(مفع. من نَقَعَ)	مَنْقُوعٌ-مَنْقُوعٌ ، ة 
(مفع. من نَقَلَ)	مَنْقُولٌ-مَنْقُولٌ، ةٌ 
(مفع. من نَكَبَ)	مَنْكُوبٌ-مَنْكُوبٌ، ةٌ 
(مفع. من نَكَدَ)	مَنْكُودٌ-مَنْكُودٌ، ةٌ 
(مفع. من نَكَّدَ)	مُنَكَّدٌ-مُنَكَّدٌ ، ة 
(مفع. من نَكَّرَ)	مُنَكَّرٌ-مُنَكَّرٌ، ةٌ 
(مفع. من نَكَسَ)	مَنْكُوسٌ-مَنْكُوسٌ ، ة 
(مفع. من نَكَّسَ)	مُنَكَّسٌ-مُنَكَّسٌ ، ة 
(مفع. من نَكَشَ)	مَنْكُوشٌ-مَنْكُوشٌ، ةٌ 
(مفع. من نَمَّقَ)	مُنَمَّقٌ-مُنَمَّقٌ، ةٌ 
(مفع. من نَمْنَمَ)	مُنَمْنَمٌ-مُنَمْنَمٌ، ةٌ 
(مفع. من نَهَكَ)	مَنْهُوكٌ-مَنْهُوكٌ، ةٌ 
(مفع. من نَهَى)	مَنْهِيٌّ-مَنْهِيٌّ، ةٌ 
(مفع. من نَوَّرَ)	مُنَوَّرٌ-مُنَوَّرٌ، ةٌ 
(مفع. من نَوَّعَ)	مُنَوَّعٌ-مُنَوَّعٌ، ةٌ 
(مفع. من هَاضَ)	مَهِيضٌ-مَهِيضٌ، ةٌ 
(مفع. من هَالَ)	مَهُولٌ-مَهُولٌ ، ة 
(مفع. من هَبِلَ)	مَهْبُولٌ-مَهْبُولٌ، ةٌ 
(مفع. من هَجَا)	مَهْجُوٌّ-مَهْجُوٌّ، ةٌ 
(مفع. من هَجَرَ)	مَهْجُورٌ-مَهْجُورٌ، ةٌ 
(مفع. من هَجَّرَ)	مُهَجَّرٌ-مُهَجَّرٌ، ةٌ 
(مفع. من هَدَّدَ)	مُهَدَّدٌ-مُهَدَّدٌ، ةٌ 
(مفع. من هَدَّمَ)	مُهَدَّمٌ-مُهَدَّمٌ، ةٌ 
(مفع. من هَدَى)	مَهْدِيٌّ-مَهْدِيٌّ، ةٌ 
(مفع. من هَذَّبَ)	مُهَذَّبٌ-مُهَذَّبٌ، ةٌ 
(مفع. من هَرَّبَ)	مُهَرَّبٌ-مُهَرَّبٌ، ةٌ 
(مفع. من هَزَلَ)	مَهْزُولٌ-مَهْزُولٌ، ةٌ 
(مفع. من هَزَمَ)	مَهْزُومٌ-مَهْزُومٌ، ةٌ 
(مفع. من هَشَّمَ)	مُهَشَّمٌ-مُهَشَّمٌ، ةٌ 
(مفع. من هَضَمَ)	مَهْضُومٌ-مَهْضُومٌ ، ة 
(مفع. من هَفْهَفَ)	مُهَفْهَفٌ-مُهَفْهَفٌ، ةٌ 
(مفع. من هَلْهَلَ)	مُهَلْهَلٌ-مُهَلْهَلٌ، ةٌ 
(مفع. من هَمَّ)	مَهْمُومٌ-مَهْمُومٌ، ةٌ 
(مفع. من هَمَسَ)	مَهْمُوسٌ-مَهْمُوسٌ، ةٌ 
(مفع. من هَمَّشَ)	مُهَمَّشٌ-مُهَمَّشٌ، ةٌ 
(مفع. من هَنَّدَ)	مُهَنَّدٌ-مُهَنَّدٌ ، ة 
(مفع. من هَوَّسَ)	مُهَوَّسٌ-مُهَوَّسٌ، ةٌ 
(مفع. من وَبِئَ)	مَوْبُوءٌ-مَوْبُوءٌ
(مفع. من وَتَرَ)	مَوْتُورٌ-مَوْتُورٌ، ةٌ 
(مفع. من وَثِقَ)	مَوْثُوقٌ-مَوْثُوقٌ، ةٌ 
(مفع. من وَثَّقَ)	مُوَثَّقٌ-مُوَثَّقٌ، ةٌ 
(مفع. من وَجَدَ)	مَوْجُودٌ-مَوْجُودٌ، ةٌ 
(مفع. من وَجَّهَ)	مُوَجَّهٌ-مُوَجَّهٌ، ةٌ 
(مفع. من وَحَّدَ)	مُوَحَّدٌ-مُوَحَّدٌ، ةٌ 
(مفع. من وَرِثَ)	مَوْرُوثٌ-مَوْرُوثٌ، ةٌ 
(مفع. من وَرَّدَ)	مُوَرَّدٌ-مُوَرَّدٌ ، ة 
(مفع. من وَرَّمَ)	مُوَرَّمٌ-مُوَرَّمٌ، ةٌ 
(مفع. من وَزَّعَ)	مُوَزَّعٌ-مُوَزَّعٌ، ةٌ 
(مفع. من وَزَنَ)	مَوْزُونٌ-مَوْزُونٌ، ةٌ 
(مفع. من وَسَّخَ)	مُوَسَّخٌ-مُوَسَّخٌ، ةٌ 
(مفع. من وَسَّعَ)	مُوَسَّعٌ-مُوَسَّعٌ ، ة 
(مفع. من وَسْوَسَ)	مُوَسْوَسٌ-مُوَسْوَسٌ، ةٌ 
(مفع. من وَشَّحَ)	مُوَشَّحٌ-مُوَشَّحٌ، ةٌ 
(مفع. من وَشَّى)	مُوَشّىً-مُوَشّىً
(مفع. من وَصَفَ)	مَوْصُوفٌ-مَوْصُوفٌ، ةٌ 
(مفع. من وَصَلَ)	مَوْصُولٌ-مَوْصُولٌ، ةٌ 
(مفع. من وَصَمَ)	مَوْصُومٌ-مَوْصُومٌ، ةٌ 
(مفع. من وَضَّحَ)	مُوَضَّحٌ-مُوَضَّحٌ، ةٌ 
(مفع. من وَطَّأَ)	مُوَطَّأٌ-مُوَطَّأٌ
(مفع. من وَطَّدَ)	مُوَطَّدٌ-مُوَطَّدٌ ، ة 
(مفع. من وَظَّفَ).	مُوَظَّفٌ-مُوَظَّفٌ، ةٌ 
(مفع. من وَعَدَ)	مَوْعُودٌ-مَوْعُودٌ، ةٌ 
(مفع. من وَعَكَ)	مَوْعُوكٌ-مَوْعُوكٌ، ةٌ 
(مفع. من وَفَرَ)	مَوْفُورٌ-مَوْفُورٌ، ةٌ 
(مفع. من وَفَّقَ)	مُوَفَّقٌ-مُوَفَّقٌ، ةٌ 
(مفع. من وَقَتَ)	مَوْقُوتٌ-مَوْقُوتٌ، ةٌ 
(مفع. من وَقَّتَ)	مُوَقَّتٌ-مُوَقَّتٌ، ةٌ 
(مفع. من وَقَّرَ)	مُوَقَّرٌ-مُوَقَّرٌ، ةٌ 
(مفع. من وَقَّعَ)	مُوَقَّعٌ-مُوَقَّعٌ، ةٌ 
(مفع. من وَقَفَ)	مَوْقُوفٌ-مَوْقُوفٌ، ةٌ 
(مفع. من وَكَّلَ)	مُوَكَّلٌ-مُوَكَّلٌ، ةٌ 
(مفع. من وَلَدَ)	مَوْلُودٌ-مَوْلُودٌ، ةٌ 
(مفع. من وَلَّدَ)	مُوَلَّدٌ-مُوَلَّدٌ، ةٌ 
(مفع. من وَلَّعَ)	مُوَلَّعٌ-مُوَلَّعٌ، ةٌ 
(مفع. من وَلَّهَ)	مُوَلَّهٌ-مُوَلَّهٌ، ةٌ 
(مفع. من وَهَبَ)	مَوْهُوبٌ-مَوْهُوبٌ، ةٌ 
(مفع. من وَهَمَ)	مَوْهُومٌ-مَوْهُومٌ، ةٌ 
(مفع. من وَهَنَ)	مَوْهُونٌ-مَوْهُونٌ، ةٌ 
(مفع. من يَئِسَ)	مَيْؤُوسٌ-مَيْؤُوسٌ، ةٌ 
(مفع. من يَسَّرَ)	مُيَسَّرٌ-مُيَسَّرٌ، ةٌ 
(مفع. مِن يَسَرَ)	مَيْسُورٌ-مَيْسُورٌ ، ة 
(مفع. من يَمَّمَ)	مُيَمَّمٌ-مُيَمَّمٌ، ةٌ 
(مفع. من يَمَّنَ)	مُيَمَّنٌ-مُيَمَّنٌ، ةٌ 
(مفع. مِنْ: اِسْتَأْنَفَ)	مُسْتَأْنَفٌ-مُسْتَأْنَفٌ ، ةٌ 
(مفع. من وَضَعَ)	مَوْضُوعٌ-مَوْضُوعٌ، ةٌ 
(مفع. من اِنْسابَ)	مُنْسَابٌ-مُنْسَابٌ، ةٌ 
